"sp|A0AVT1|UBA6_HUMAN"
"sp|A2BFH1|PAL4G_HUMAN"
"sp|A5A3E0|POTEF_HUMAN"
"sp|A6NHG4|DDTL_HUMAN"
"sp|A6NHL2|TBAL3_HUMAN"
"sp|A6NHR9|SMHD1_HUMAN"
"sp|A6NL28|TPM3L_HUMAN"
"sp|A8MWD9|RUXGL_HUMAN"
"sp|B5ME19|EIFCL_HUMAN"
"sp|C8Z543|ARO1_YEAS8"
"sp|C8Z792|AIM9_YEAS8"
"sp|C8ZDR4|HRI1_YEAS8"
"sp|C8ZG13|PURA_YEAS8"
"sp|O00115|DNS2A_HUMAN"
"sp|O00116|ADAS_HUMAN"
"sp|O00148|DX39A_HUMAN"
"sp|O00154|BACH_HUMAN"
"sp|O00159|MYO1C_HUMAN"
"sp|O00186|STXB3_HUMAN"
"sp|O00217|NDUS8_HUMAN"
"sp|O00231|PSD11_HUMAN"
"sp|O00264|PGRC1_HUMAN"
"sp|O00273|DFFA_HUMAN"
"sp|O00299|CLIC1_HUMAN"
"sp|O00303|EIF3F_HUMAN"
"sp|O00410|IPO5_HUMAN"
"sp|O00425|IF2B3_HUMAN"
"sp|O00429|DNM1L_HUMAN"
"sp|O00483|NDUA4_HUMAN"
"sp|O00487|PSDE_HUMAN"
"sp|O00567|NOP56_HUMAN"
"sp|O00571|DDX3X_HUMAN"
"sp|O00592|PODXL_HUMAN"
"sp|O00625|PIR_HUMAN"
"sp|O00764|PDXK_HUMAN"
"sp|O14556|G3PT_HUMAN"
"sp|O14561|ACPM_HUMAN"
"sp|O14640|DVL1_HUMAN"
"sp|O14684|PTGES_HUMAN"
"sp|O14732|IMPA2_HUMAN"
"sp|O14737|PDCD5_HUMAN"
"sp|O14745|NHRF1_HUMAN"
"sp|O14773|TPP1_HUMAN"
"sp|O14776|TCRG1_HUMAN"
"sp|O14818|PSA7_HUMAN"
"sp|O14828|SCAM3_HUMAN"
"sp|O14929|HAT1_HUMAN"
"sp|O14949|QCR8_HUMAN"
"sp|O14950|ML12B_HUMAN"
"sp|O14979|HNRDL_HUMAN"
"sp|O14980|XPO1_HUMAN"
"sp|O15042|SR140_HUMAN"
"sp|O15067|PUR4_HUMAN"
"sp|O15143|ARC1B_HUMAN"
"sp|O15144|ARPC2_HUMAN"
"sp|O15145|ARPC3_HUMAN"
"sp|O15173|PGRC2_HUMAN"
"sp|O15212|PFD6_HUMAN"
"sp|O15260|SURF4_HUMAN"
"sp|O15347|HMGB3_HUMAN"
"sp|O15355|PPM1G_HUMAN"
"sp|O15371|EIF3D_HUMAN"
"sp|O15372|EIF3H_HUMAN"
"sp|O15397|IPO8_HUMAN"
"sp|O15427|MOT4_HUMAN"
"sp|O43143|DHX15_HUMAN"
"sp|O43169|CYB5B_HUMAN"
"sp|O43175|SERA_HUMAN"
"sp|O43237|DC1L2_HUMAN"
"sp|O43242|PSMD3_HUMAN"
"sp|O43252|PAPS1_HUMAN"
"sp|O43290|SNUT1_HUMAN"
"sp|O43324|MCA3_HUMAN"
"sp|O43390|HNRPR_HUMAN"
"sp|O43399|TPD54_HUMAN"
"sp|O43432|IF4G3_HUMAN"
"sp|O43447|PPIH_HUMAN"
"sp|O43488|ARK72_HUMAN"
"sp|O43598|DNPH1_HUMAN"
"sp|O43615|TIM44_HUMAN"
"sp|O43670|ZN207_HUMAN"
"sp|O43681|ASNA_HUMAN"
"sp|O43684|BUB3_HUMAN"
"sp|O43707|ACTN4_HUMAN"
"sp|O43765|SGTA_HUMAN"
"sp|O43768|ENSA_HUMAN"
"sp|O43776|SYNC_HUMAN"
"sp|O43809|CPSF5_HUMAN"
"sp|O43813|LANC1_HUMAN"
"sp|O43818|U3IP2_HUMAN"
"sp|O43837|IDH3B_HUMAN"
"sp|O43852|CALU_HUMAN"
"sp|O43865|SAHH2_HUMAN"
"sp|O60220|TIM8A_HUMAN"
"sp|O60313|OPA1_HUMAN"
"sp|O60315|ZEB2_HUMAN"
"sp|O60427|FADS1_HUMAN"
"sp|O60488|ACSL4_HUMAN"
"sp|O60493|SNX3_HUMAN"
"sp|O60506|HNRPQ_HUMAN"
"sp|O60568|PLOD3_HUMAN"
"sp|O60610|DIAP1_HUMAN"
"sp|O60664|PLIN3_HUMAN"
"sp|O60684|IMA7_HUMAN"
"sp|O60701|UGDH_HUMAN"
"sp|O60762|DPM1_HUMAN"
"sp|O60812|HNRCL_HUMAN"
"sp|O60831|PRAF2_HUMAN"
"sp|O60832|DKC1_HUMAN"
"sp|O60841|IF2P_HUMAN"
"sp|O60869|EDF1_HUMAN"
"sp|O60888|CUTA_HUMAN"
"sp|O60925|PFD1_HUMAN"
"sp|O75069|TMCC2_HUMAN"
"sp|O75083|WDR1_HUMAN"
"sp|O75131|CPNE3_HUMAN"
"sp|O75208|COQ9_HUMAN"
"sp|O75323|NIPS2_HUMAN"
"sp|O75340|PDCD6_HUMAN"
"sp|O75347|TBCA_HUMAN"
"sp|O75352|MPU1_HUMAN"
"sp|O75367|H2AY_HUMAN"
"sp|O75368|SH3L1_HUMAN"
"sp|O75369|FLNB_HUMAN"
"sp|O75390|CISY_HUMAN"
"sp|O75396|SC22B_HUMAN"
"sp|O75400|PR40A_HUMAN"
"sp|O75436|VP26A_HUMAN"
"sp|O75439|MPPB_HUMAN"
"sp|O75475|PSIP1_HUMAN"
"sp|O75477|ERLN1_HUMAN"
"sp|O75489|NDUS3_HUMAN"
"sp|O75494|SRS10_HUMAN"
"sp|O75531|BAF_HUMAN"
"sp|O75533|SF3B1_HUMAN"
"sp|O75534|CSDE1_HUMAN"
"sp|O75607|NPM3_HUMAN"
"sp|O75608|LYPA1_HUMAN"
"sp|O75628|REM1_HUMAN"
"sp|O75643|U520_HUMAN"
"sp|O75694|NU155_HUMAN"
"sp|O75718|CRTAP_HUMAN"
"sp|O75821|EIF3G_HUMAN"
"sp|O75822|EIF3J_HUMAN"
"sp|O75874|IDHC_HUMAN"
"sp|O75880|SCO1_HUMAN"
"sp|O75915|PRAF3_HUMAN"
"sp|O75937|DNJC8_HUMAN"
"sp|O75947|ATP5H_HUMAN"
"sp|O75955|FLOT1_HUMAN"
"sp|O76003|GLRX3_HUMAN"
"sp|O76021|RL1D1_HUMAN"
"sp|O76094|SRP72_HUMAN"
"sp|O94776|MTA2_HUMAN"
"sp|O94826|TOM70_HUMAN"
"sp|O94905|ERLN2_HUMAN"
"sp|O94906|PRP6_HUMAN"
"sp|O94979|SC31A_HUMAN"
"sp|O95197|RTN3_HUMAN"
"sp|O95202|LETM1_HUMAN"
"sp|O95218|ZRAB2_HUMAN"
"sp|O95232|LC7L3_HUMAN"
"sp|O95292|VAPB_HUMAN"
"sp|O95302|FKBP9_HUMAN"
"sp|O95336|6PGL_HUMAN"
"sp|O95347|SMC2_HUMAN"
"sp|O95373|IPO7_HUMAN"
"sp|O95394|AGM1_HUMAN"
"sp|O95400|CD2B2_HUMAN"
"sp|O95433|AHSA1_HUMAN"
"sp|O95456|PSMG1_HUMAN"
"sp|O95479|G6PE_HUMAN"
"sp|O95571|ETHE1_HUMAN"
"sp|O95573|ACSL3_HUMAN"
"sp|O95747|OXSR1_HUMAN"
"sp|O95757|HS74L_HUMAN"
"sp|O95758|PTBP3_HUMAN"
"sp|O95777|NAA38_HUMAN"
"sp|O95782|AP2A1_HUMAN"
"sp|O95816|BAG2_HUMAN"
"sp|O95831|AIFM1_HUMAN"
"sp|O95864|FADS2_HUMAN"
"sp|O95881|TXD12_HUMAN"
"sp|O96000|NDUBA_HUMAN"
"sp|O96008|TOM40_HUMAN"
"sp|O96019|ACL6A_HUMAN"
"sp|P00338|LDHA_HUMAN"
"sp|P00350|6PGD_ECOLI"
"sp|P00363|FRDA_ECOLI"
"sp|P00367|DHE3_HUMAN"
"sp|P00387|NB5R3_HUMAN"
"sp|P00390|GSHR_HUMAN"
"sp|P00403|COX2_HUMAN"
"sp|P00441|SODC_HUMAN"
"sp|P00490|PHSM_ECOLI"
"sp|P00491|PNPH_HUMAN"
"sp|P00492|HPRT_HUMAN"
"sp|P00505|AATM_HUMAN"
"sp|P00509|AAT_ECOLI"
"sp|P00533|EGFR_HUMAN"
"sp|P00550|PTM3C_ECOLI"
"sp|P00558|PGK1_HUMAN"
"sp|P00561|AK1H_ECOLI"
"sp|P00568|KAD1_HUMAN"
"sp|P00579|RPOD_ECOLI"
"sp|P00722|BGAL_ECOLI"
"sp|P00747|PLMN_HUMAN"
"sp|P00805|ASPG2_ECOLI"
"sp|P00846|ATP6_HUMAN"
"sp|P00864|CAPP_ECOLI"
"sp|P00887|AROH_ECOLI"
"sp|P00946|MANA_ECOLI"
"sp|P00956|SYI_ECOLI"
"sp|P00957|SYA_ECOLI"
"sp|P00960|SYGA_ECOLI"
"sp|P00961|SYGB_ECOLI"
"sp|P00966|ASSY_HUMAN"
"sp|P01111|RASN_HUMAN"
"sp|P01891|1A68_HUMAN"
"sp|P02100|HBE_HUMAN"
"sp|P02358|RS6_ECOLI"
"sp|P02359|RS7_ECOLI"
"sp|P02413|RL15_ECOLI"
"sp|P02545|LMNA_HUMAN"
"sp|P02765|FETUA_HUMAN"
"sp|P02768|ALBU_HUMAN"
"sp|P02786|TFR1_HUMAN"
"sp|P02794|FRIH_HUMAN"
"sp|P02795|MT2_HUMAN"
"sp|P02925|RBSB_ECOLI"
"sp|P02930|TOLC_ECOLI"
"sp|P04075|ALDOA_HUMAN"
"sp|P04079|GUAA_ECOLI"
"sp|P04080|CYTB_HUMAN"
"sp|P04083|ANXA1_HUMAN"
"sp|P04150|GCR_HUMAN"
"sp|P04179|SODM_HUMAN"
"sp|P04264|K2C1_HUMAN"
"sp|P04350|TBB4A_HUMAN"
"sp|P04406|G3P_HUMAN"
"sp|P04632|CPNS1_HUMAN"
"sp|P04792|HSPB1_HUMAN"
"sp|P04825|AMPN_ECOLI"
"sp|P04843|RPN1_HUMAN"
"sp|P04844|RPN2_HUMAN"
"sp|P04899|GNAI2_HUMAN"
"sp|P04908|H2A1B_HUMAN"
"sp|P04982|RBSD_ECOLI"
"sp|P04983|RBSA_ECOLI"
"sp|P05023|AT1A1_HUMAN"
"sp|P05026|AT1B1_HUMAN"
"sp|P05055|PNP_ECOLI"
"sp|P05091|ALDH2_HUMAN"
"sp|P05114|HMGN1_HUMAN"
"sp|P05141|ADT2_HUMAN"
"sp|P05161|ISG15_HUMAN"
"sp|P05198|IF2A_HUMAN"
"sp|P05204|HMGN2_HUMAN"
"sp|P05386|RLA1_HUMAN"
"sp|P05387|RLA2_HUMAN"
"sp|P05388|RLA0_HUMAN"
"sp|P05455|LA_HUMAN"
"sp|P05459|PDXB_ECOLI"
"sp|P05496|AT5G1_HUMAN"
"sp|P05556|ITB1_HUMAN"
"sp|P05783|K1C18_HUMAN"
"sp|P05787|K2C8_HUMAN"
"sp|P05804|BGLR_ECOLI"
"sp|P06454|PTMA_HUMAN"
"sp|P06493|CDK1_HUMAN"
"sp|P06576|ATPB_HUMAN"
"sp|P06610|BTUE_ECOLI"
"sp|P06703|S10A6_HUMAN"
"sp|P06715|GSHR_ECOLI"
"sp|P06720|AGAL_ECOLI"
"sp|P06730|IF4E_HUMAN"
"sp|P06733|ENOA_HUMAN"
"sp|P06737|PYGL_HUMAN"
"sp|P06744|G6PI_HUMAN"
"sp|P06748|NPM_HUMAN"
"sp|P06753|TPM3_HUMAN"
"sp|P06756|ITAV_HUMAN"
"sp|P06850|CRF_HUMAN"
"sp|P06865|HEXA_HUMAN"
"sp|P06959|ODP2_ECOLI"
"sp|P06999|K6PF2_ECOLI"
"sp|P07003|POXB_ECOLI"
"sp|P07012|RF2_ECOLI"
"sp|P07014|DHSB_ECOLI"
"sp|P07099|HYEP_HUMAN"
"sp|P07108|ACBP_HUMAN"
"sp|P07118|SYV_ECOLI"
"sp|P07195|LDHB_HUMAN"
"sp|P07203|GPX1_HUMAN"
"sp|P07237|PDIA1_HUMAN"
"sp|P07305|H10_HUMAN"
"sp|P07339|CATD_HUMAN"
"sp|P07355|ANXA2_HUMAN"
"sp|P07384|CAN1_HUMAN"
"sp|P07395|SYFB_ECOLI"
"sp|P07437|TBB5_HUMAN"
"sp|P07464|THGA_ECOLI"
"sp|P07602|SAP_HUMAN"
"sp|P07650|TYPH_ECOLI"
"sp|P07686|HEXB_HUMAN"
"sp|P07737|PROF1_HUMAN"
"sp|P07741|APT_HUMAN"
"sp|P07813|SYL_ECOLI"
"sp|P07814|SYEP_HUMAN"
"sp|P07858|CATB_HUMAN"
"sp|P07900|HS90A_HUMAN"
"sp|P07910|HNRPC_HUMAN"
"sp|P07913|TDH_ECOLI"
"sp|P07919|QCR6_HUMAN"
"sp|P07951|TPM2_HUMAN"
"sp|P07954|FUMH_HUMAN"
"sp|P08107|HSP71_HUMAN"
"sp|P08133|ANXA6_HUMAN"
"sp|P08134|RHOC_HUMAN"
"sp|P08174|DAF_HUMAN"
"sp|P08195|4F2_HUMAN"
"sp|P08200|IDH_ECOLI"
"sp|P08237|K6PF_HUMAN"
"sp|P08238|HS90B_HUMAN"
"sp|P08243|ASNS_HUMAN"
"sp|P08312|SYFA_ECOLI"
"sp|P08559|ODPA_HUMAN"
"sp|P08574|CY1_HUMAN"
"sp|P08579|RU2B_HUMAN"
"sp|P08621|RU17_HUMAN"
"sp|P08622|DNAJ_ECOLI"
"sp|P08648|ITA5_HUMAN"
"sp|P08670|VIME_HUMAN"
"sp|P08708|RS17_HUMAN"
"sp|P08727|K1C19_HUMAN"
"sp|P08729|K2C7_HUMAN"
"sp|P08758|ANXA5_HUMAN"
"sp|P08839|PT1_ECOLI"
"sp|P08865|RSSA_HUMAN"
"sp|P08962|CD63_HUMAN"
"sp|P08997|MASY_ECOLI"
"sp|P09012|SNRPA_HUMAN"
"sp|P09104|ENOG_HUMAN"
"sp|P09127|HEMX_ECOLI"
"sp|P09148|GAL7_ECOLI"
"sp|P09169|OMPT_ECOLI"
"sp|P09211|GSTP1_HUMAN"
"sp|P09234|RU1C_HUMAN"
"sp|P09323|PTW3C_ECOLI"
"sp|P09372|GRPE_ECOLI"
"sp|P09373|PFLB_ECOLI"
"sp|P09382|LEG1_HUMAN"
"sp|P09394|GLPQ_ECOLI"
"sp|P09424|MTLD_ECOLI"
"sp|P09429|HMGB1_HUMAN"
"sp|P09488|GSTM1_HUMAN"
"sp|P09493|TPM1_HUMAN"
"sp|P09496|CLCA_HUMAN"
"sp|P09497|CLCB_HUMAN"
"sp|P09525|ANXA4_HUMAN"
"sp|P09543|CN37_HUMAN"
"sp|P09622|DLDH_HUMAN"
"sp|P09651|ROA1_HUMAN"
"sp|P09661|RU2A_HUMAN"
"sp|P09669|COX6C_HUMAN"
"sp|P09874|PARP1_HUMAN"
"sp|P09960|LKHA4_HUMAN"
"sp|P09972|ALDOC_HUMAN"
"sp|P0A698|UVRA_ECOLI"
"sp|P0A6A3|ACKA_ECOLI"
"sp|P0A6A8|ACP_ECOLI"
"sp|P0A6E6|ATPE_ECOLI"
"sp|P0A6F3|GLPK_ECOLI"
"sp|P0A6F5|CH60_ECOLI"
"sp|P0A6F9|CH10_ECOLI"
"sp|P0A6G7|CLPP_ECOLI"
"sp|P0A6H5|HSLU_ECOLI"
"sp|P0A6J5|DADA_ECOLI"
"sp|P0A6K3|DEF_ECOLI"
"sp|P0A6K6|DEOB_ECOLI"
"sp|P0A6L0|DEOC_ECOLI"
"sp|P0A6L2|DAPA_ECOLI"
"sp|P0A6L4|NANA_ECOLI"
"sp|P0A6M8|EFG_ECOLI"
"sp|P0A6N4|EFP_ECOLI"
"sp|P0A6P1|EFTS_ECOLI"
"sp|P0A6P7|ENGB_ECOLI"
"sp|P0A6P9|ENO_ECOLI"
"sp|P0A6Q3|FABA_ECOLI"
"sp|P0A6Q6|FABZ_ECOLI"
"sp|P0A6R0|FABH_ECOLI"
"sp|P0A6S7|GPDA_ECOLI"
"sp|P0A6T1|G6PI_ECOLI"
"sp|P0A6T9|GCSH_ECOLI"
"sp|P0A6V8|GLK_ECOLI"
"sp|P0A6W5|GREA_ECOLI"
"sp|P0A6X7|IHFA_ECOLI"
"sp|P0A6Y1|IHFB_ECOLI"
"sp|P0A6Y5|HSLO_ECOLI"
"sp|P0A6Y8|DNAK_ECOLI"
"sp|P0A6Z3|HTPG_ECOLI"
"sp|P0A705|IF2_ECOLI"
"sp|P0A707|IF3_ECOLI"
"sp|P0A715|KDSA_ECOLI"
"sp|P0A717|KPRS_ECOLI"
"sp|P0A722|LPXA_ECOLI"
"sp|P0A744|MSRA_ECOLI"
"sp|P0A763|NDK_ECOLI"
"sp|P0A796|K6PF1_ECOLI"
"sp|P0A799|PGK_ECOLI"
"sp|P0A7A9|IPYR_ECOLI"
"sp|P0A7B8|HSLV_ECOLI"
"sp|P0A7D4|PURA_ECOLI"
"sp|P0A7E5|PYRG_ECOLI"
"sp|P0A7E9|PYRH_ECOLI"
"sp|P0A7G6|RECA_ECOLI"
"sp|P0A7J3|RL10_ECOLI"
"sp|P0A7J7|RL11_ECOLI"
"sp|P0A7K2|RL7_ECOLI"
"sp|P0A7K6|RL19_ECOLI"
"sp|P0A7L0|RL1_ECOLI"
"sp|P0A7L3|RL20_ECOLI"
"sp|P0A7L8|RL27_ECOLI"
"sp|P0A7M2|RL28_ECOLI"
"sp|P0A7M6|RL29_ECOLI"
"sp|P0A7M9|RL31_ECOLI"
"sp|P0A7N4|RL32_ECOLI"
"sp|P0A7N9|RL33_ECOLI"
"sp|P0A7P5|RL34_ECOLI"
"sp|P0A7Q1|RL35_ECOLI"
"sp|P0A7Q6|RL36_ECOLI"
"sp|P0A7R1|RL9_ECOLI"
"sp|P0A7R5|RS10_ECOLI"
"sp|P0A7R9|RS11_ECOLI"
"sp|P0A7S3|RS12_ECOLI"
"sp|P0A7S9|RS13_ECOLI"
"sp|P0A7T3|RS16_ECOLI"
"sp|P0A7T7|RS18_ECOLI"
"sp|P0A7U3|RS19_ECOLI"
"sp|P0A7U7|RS20_ECOLI"
"sp|P0A7V0|RS2_ECOLI"
"sp|P0A7V3|RS3_ECOLI"
"sp|P0A7V8|RS4_ECOLI"
"sp|P0A7W1|RS5_ECOLI"
"sp|P0A7W7|RS8_ECOLI"
"sp|P0A7X3|RS9_ECOLI"
"sp|P0A7Z0|RPIA_ECOLI"
"sp|P0A7Z4|RPOA_ECOLI"
"sp|P0A805|RRF_ECOLI"
"sp|P0A817|METK_ECOLI"
"sp|P0A825|GLYA_ECOLI"
"sp|P0A836|SUCC_ECOLI"
"sp|P0A850|TIG_ECOLI"
"sp|P0A853|TNAA_ECOLI"
"sp|P0A855|TOLB_ECOLI"
"sp|P0A858|TPIS_ECOLI"
"sp|P0A862|TPX_ECOLI"
"sp|P0A867|TALA_ECOLI"
"sp|P0A870|TALB_ECOLI"
"sp|P0A887|UBIE_ECOLI"
"sp|P0A8A0|YEBC_ECOLI"
"sp|P0A8E1|YCFP_ECOLI"
"sp|P0A8E7|YAJQ_ECOLI"
"sp|P0A8F0|UPP_ECOLI"
"sp|P0A8G6|NQOR_ECOLI"
"sp|P0A8L1|SYS_ECOLI"
"sp|P0A8M0|SYN_ECOLI"
"sp|P0A8M3|SYT_ECOLI"
"sp|P0A8N3|SYK1_ECOLI"
"sp|P0A8N5|SYK2_ECOLI"
"sp|P0A8P3|FETP_ECOLI"
"sp|P0A8R0|RRAA_ECOLI"
"sp|P0A8T7|RPOC_ECOLI"
"sp|P0A8V2|RPOB_ECOLI"
"sp|P0A8W8|YFBU_ECOLI"
"sp|P0A903|BAMC_ECOLI"
"sp|P0A905|SLYB_ECOLI"
"sp|P0A910|OMPA_ECOLI"
"sp|P0A912|PAL_ECOLI"
"sp|P0A915|OMPW_ECOLI"
"sp|P0A937|BAME_ECOLI"
"sp|P0A940|BAMA_ECOLI"
"sp|P0A953|FABB_ECOLI"
"sp|P0A955|ALKH_ECOLI"
"sp|P0A972|CSPE_ECOLI"
"sp|P0A991|ALF1_ECOLI"
"sp|P0A998|FTNA_ECOLI"
"sp|P0A9A6|FTSZ_ECOLI"
"sp|P0A9A9|FUR_ECOLI"
"sp|P0A9B2|G3P1_ECOLI"
"sp|P0A9B6|E4PD_ECOLI"
"sp|P0A9C3|GALM_ECOLI"
"sp|P0A9C5|GLNA_ECOLI"
"sp|P0A9D2|GSTA_ECOLI"
"sp|P0A9D8|DAPD_ECOLI"
"sp|P0A9G6|ACEA_ECOLI"
"sp|P0A9J6|RBSK_ECOLI"
"sp|P0A9K3|PHOL_ECOLI"
"sp|P0A9K9|SLYD_ECOLI"
"sp|P0A9L3|FKBB_ECOLI"
"sp|P0A9L8|P5CR_ECOLI"
"sp|P0A9M0|LON_ECOLI"
"sp|P0A9M5|XGPT_ECOLI"
"sp|P0A9M8|PTA_ECOLI"
"sp|P0A9N4|PFLA_ECOLI"
"sp|P0A9P0|DLDH_ECOLI"
"sp|P0A9Q1|ARCA_ECOLI"
"sp|P0A9Q7|ADHE_ECOLI"
"sp|P0A9Q9|DHAS_ECOLI"
"sp|P0A9S5|GLDA_ECOLI"
"sp|P0A9T0|SERA_ECOLI"
"sp|P0A9W3|YJJK_ECOLI"
"sp|P0A9X4|MREB_ECOLI"
"sp|P0A9Y6|CSPC_ECOLI"
"sp|P0A9Z1|GLNB_ECOLI"
"sp|P0AA04|PTHP_ECOLI"
"sp|P0AA10|RL13_ECOLI"
"sp|P0AA16|OMPR_ECOLI"
"sp|P0AA25|THIO_ECOLI"
"sp|P0AA91|YEAY_ECOLI"
"sp|P0AA99|YAFK_ECOLI"
"sp|P0AAB6|GALF_ECOLI"
"sp|P0AAB8|USPD_ECOLI"
"sp|P0AAC0|USPE_ECOLI"
"sp|P0AAF6|ARTP_ECOLI"
"sp|P0AAI3|FTSH_ECOLI"
"sp|P0AAI5|FABF_ECOLI"
"sp|P0AAI9|FABD_ECOLI"
"sp|P0AAT9|YBEL_ECOLI"
"sp|P0AB38|LPOB_ECOLI"
"sp|P0AB52|YCHN_ECOLI"
"sp|P0AB71|ALF_ECOLI"
"sp|P0AB77|KBL_ECOLI"
"sp|P0AB91|AROG_ECOLI"
"sp|P0ABA0|ATPF_ECOLI"
"sp|P0ABA4|ATPD_ECOLI"
"sp|P0ABA6|ATPG_ECOLI"
"sp|P0ABB0|ATPA_ECOLI"
"sp|P0ABB4|ATPB_ECOLI"
"sp|P0ABC7|HFLK_ECOLI"
"sp|P0ABD3|BFR_ECOLI"
"sp|P0ABD5|ACCA_ECOLI"
"sp|P0ABH7|CISY_ECOLI"
"sp|P0ABJ9|CYDA_ECOLI"
"sp|P0ABK2|CYDB_ECOLI"
"sp|P0ABK5|CYSK_ECOLI"
"sp|P0ABP8|DEOD_ECOLI"
"sp|P0ABS1|DKSA_ECOLI"
"sp|P0ABT2|DPS_ECOLI"
"sp|P0ABU0|MENB_ECOLI"
"sp|P0ABU5|ELBB_ECOLI"
"sp|P0ABZ6|SURA_ECOLI"
"sp|P0AC38|ASPA_ECOLI"
"sp|P0AC41|DHSA_ECOLI"
"sp|P0AC47|FRDB_ECOLI"
"sp|P0AC53|G6PD_ECOLI"
"sp|P0AC59|GLRX2_ECOLI"
"sp|P0AC69|GLRX4_ECOLI"
"sp|P0AC92|GNSA_ECOLI"
"sp|P0ACA3|SSPA_ECOLI"
"sp|P0ACA7|GSTB_ECOLI"
"sp|P0ACC7|GLMU_ECOLI"
"sp|P0ACD8|MBHL_ECOLI"
"sp|P0ACE0|MBHM_ECOLI"
"sp|P0ACE7|HINT_ECOLI"
"sp|P0ACF0|DBHA_ECOLI"
"sp|P0ACF4|DBHB_ECOLI"
"sp|P0ACF8|HNS_ECOLI"
"sp|P0ACJ8|CRP_ECOLI"
"sp|P0ACW6|YDCH_ECOLI"
"sp|P0ACX3|YDHR_ECOLI"
"sp|P0ACY3|YEAG_ECOLI"
"sp|P0AD12|YEEZ_ECOLI"
"sp|P0AD33|YFCZ_ECOLI"
"sp|P0AD49|RAIA_ECOLI"
"sp|P0AD61|KPYK1_ECOLI"
"sp|P0ADA5|YAJG_ECOLI"
"sp|P0ADB1|OSME_ECOLI"
"sp|P0ADB7|ECNB_ECOLI"
"sp|P0ADE6|YGAU_ECOLI"
"sp|P0ADE8|YGFZ_ECOLI"
"sp|P0ADG7|IMDH_ECOLI"
"sp|P0ADN2|YIFE_ECOLI"
"sp|P0ADS6|YGGE_ECOLI"
"sp|P0ADU2|YGIN_ECOLI"
"sp|P0ADU5|YGIW_ECOLI"
"sp|P0ADV7|MLAC_ECOLI"
"sp|P0ADW3|YHCB_ECOLI"
"sp|P0ADY1|PPID_ECOLI"
"sp|P0ADY3|RL14_ECOLI"
"sp|P0ADY7|RL16_ECOLI"
"sp|P0ADZ0|RL23_ECOLI"
"sp|P0ADZ4|RS15_ECOLI"
"sp|P0ADZ7|YAJC_ECOLI"
"sp|P0AE06|ACRA_ECOLI"
"sp|P0AE08|AHPC_ECOLI"
"sp|P0AE52|BCP_ECOLI"
"sp|P0AE88|CPXR_ECOLI"
"sp|P0AEB2|DACA_ECOLI"
"sp|P0AEB7|YOAB_ECOLI"
"sp|P0AED0|USPA_ECOLI"
"sp|P0AEE5|DGAL_ECOLI"
"sp|P0AEH5|ELAB_ECOLI"
"sp|P0AEK2|FABG_ECOLI"
"sp|P0AEK4|FABI_ECOLI"
"sp|P0AEM9|FLIY_ECOLI"
"sp|P0AEP3|GALU_ECOLI"
"sp|P0AEQ3|GLNH_ECOLI"
"sp|P0AES4|GYRA_ECOLI"
"sp|P0AES6|GYRB_ECOLI"
"sp|P0AES9|HDEA_ECOLI"
"sp|P0AET2|HDEB_ECOLI"
"sp|P0AET8|HDHA_ECOLI"
"sp|P0AEU7|SKP_ECOLI"
"sp|P0AEW9|K1PF_ECOLI"
"sp|P0AEX9|MALE_ECOLI"
"sp|P0AEZ3|MIND_ECOLI"
"sp|P0AF12|MTNN_ECOLI"
"sp|P0AF28|NARL_ECOLI"
"sp|P0AF36|ZAPB_ECOLI"
"sp|P0AF50|YJBR_ECOLI"
"sp|P0AF93|RIDA_ECOLI"
"sp|P0AFF6|NUSA_ECOLI"
"sp|P0AFG0|NUSG_ECOLI"
"sp|P0AFG3|ODO1_ECOLI"
"sp|P0AFG6|ODO2_ECOLI"
"sp|P0AFG8|ODP1_ECOLI"
"sp|P0AFH8|OSMY_ECOLI"
"sp|P0AFK0|PMBA_ECOLI"
"sp|P0AFP6|GTPC1_ECOLI"
"sp|P0AFR4|YCIO_ECOLI"
"sp|P0AFW2|RMF_ECOLI"
"sp|P0AG30|RHO_ECOLI"
"sp|P0AG44|RL17_ECOLI"
"sp|P0AG48|RL21_ECOLI"
"sp|P0AG51|RL30_ECOLI"
"sp|P0AG55|RL6_ECOLI"
"sp|P0AG59|RS14_ECOLI"
"sp|P0AG63|RS17_ECOLI"
"sp|P0AG67|RS1_ECOLI"
"sp|P0AG84|YGHA_ECOLI"
"sp|P0AG86|SECB_ECOLI"
"sp|P0AG90|SECD_ECOLI"
"sp|P0AGD1|SODC_ECOLI"
"sp|P0AGD3|SODF_ECOLI"
"sp|P0AGE0|SSB_ECOLI"
"sp|P0AGE6|YIEF_ECOLI"
"sp|P0AGE9|SUCD_ECOLI"
"sp|P0AGJ9|SYY_ECOLI"
"sp|P0AGK4|YHBY_ECOLI"
"sp|P0AGL2|TDCF_ECOLI"
"sp|P0C018|RL18_ECOLI"
"sp|P0C0L2|OSMC_ECOLI"
"sp|P0C0S1|MSCS_ECOLI"
"sp|P0C0S5|H2AZ_HUMAN"
"sp|P0C0V0|DEGP_ECOLI"
"sp|P0C7P3|SLN14_HUMAN"
"sp|P0C8J6|GATY_ECOLI"
"sp|P0CE47|EFTU1_ECOLI"
"sp|P0CG39|POTEJ_HUMAN"
"sp|P10155|RO60_HUMAN"
"sp|P10301|RRAS_HUMAN"
"sp|P10412|H14_HUMAN"
"sp|P10515|ODP2_HUMAN"
"sp|P10599|THIO_HUMAN"
"sp|P10620|MGST1_HUMAN"
"sp|P10809|CH60_HUMAN"
"sp|P10909|CLUS_HUMAN"
"sp|P11021|GRP78_HUMAN"
"sp|P11047|LAMC1_HUMAN"
"sp|P11117|PPAL_HUMAN"
"sp|P11142|HSP7C_HUMAN"
"sp|P11177|ODPB_HUMAN"
"sp|P11279|LAMP1_HUMAN"
"sp|P11310|ACADM_HUMAN"
"sp|P11349|NARH_ECOLI"
"sp|P11387|TOP1_HUMAN"
"sp|P11388|TOP2A_HUMAN"
"sp|P11413|G6PD_HUMAN"
"sp|P11498|PYC_HUMAN"
"sp|P11586|C1TC_HUMAN"
"sp|P11766|ADHX_HUMAN"
"sp|P11875|SYR_ECOLI"
"sp|P11908|PRPS2_HUMAN"
"sp|P11940|PABP1_HUMAN"
"sp|P12004|PCNA_HUMAN"
"sp|P12081|SYHC_HUMAN"
"sp|P12235|ADT1_HUMAN"
"sp|P12236|ADT3_HUMAN"
"sp|P12268|IMDH2_HUMAN"
"sp|P12270|TPR_HUMAN"
"sp|P12277|KCRB_HUMAN"
"sp|P12429|ANXA3_HUMAN"
"sp|P12758|UDP_ECOLI"
"sp|P12814|ACTN1_HUMAN"
"sp|P12955|PEPD_HUMAN"
"sp|P12956|XRCC6_HUMAN"
"sp|P12994|YBHB_ECOLI"
"sp|P13010|XRCC5_HUMAN"
"sp|P13029|KATG_ECOLI"
"sp|P13073|COX41_HUMAN"
"sp|P13164|IFM1_HUMAN"
"sp|P13473|LAMP2_HUMAN"
"sp|P13489|RINI_HUMAN"
"sp|P13639|EF2_HUMAN"
"sp|P13645|K1C10_HUMAN"
"sp|P13667|PDIA4_HUMAN"
"sp|P13693|TCTP_HUMAN"
"sp|P13797|PLST_HUMAN"
"sp|P13798|ACPH_HUMAN"
"sp|P13804|ETFA_HUMAN"
"sp|P13861|KAP2_HUMAN"
"sp|P13929|ENOB_HUMAN"
"sp|P13987|CD59_HUMAN"
"sp|P14174|MIF_HUMAN"
"sp|P14209|CD99_HUMAN"
"sp|P14314|GLU2B_HUMAN"
"sp|P14324|FPPS_HUMAN"
"sp|P14384|CBPM_HUMAN"
"sp|P14406|CX7A2_HUMAN"
"sp|P14550|AK1A1_HUMAN"
"sp|P14618|KPYM_HUMAN"
"sp|P14625|ENPL_HUMAN"
"sp|P14678|RSMB_HUMAN"
"sp|P14854|CX6B1_HUMAN"
"sp|P14866|HNRPL_HUMAN"
"sp|P14868|SYDC_HUMAN"
"sp|P14923|PLAK_HUMAN"
"sp|P15034|AMPP_ECOLI"
"sp|P15104|GLNA_HUMAN"
"sp|P15121|ALDR_HUMAN"
"sp|P15151|PVR_HUMAN"
"sp|P15170|ERF3A_HUMAN"
"sp|P15259|PGAM2_HUMAN"
"sp|P15288|PEPD_ECOLI"
"sp|P15291|B4GT1_HUMAN"
"sp|P15311|EZRI_HUMAN"
"sp|P15328|FOLR1_HUMAN"
"sp|P15531|NDKA_HUMAN"
"sp|P15559|NQO1_HUMAN"
"sp|P15586|GNS_HUMAN"
"sp|P15880|RS2_HUMAN"
"sp|P15927|RFA2_HUMAN"
"sp|P16070|CD44_HUMAN"
"sp|P16152|CBR1_HUMAN"
"sp|P16234|PGFRA_HUMAN"
"sp|P16401|H15_HUMAN"
"sp|P16402|H13_HUMAN"
"sp|P16403|H12_HUMAN"
"sp|P16435|NCPR_HUMAN"
"sp|P16456|SELD_ECOLI"
"sp|P16615|AT2A2_HUMAN"
"sp|P16659|SYP_ECOLI"
"sp|P16949|STMN1_HUMAN"
"sp|P17066|HSP76_HUMAN"
"sp|P17096|HMGA1_HUMAN"
"sp|P17169|GLMS_ECOLI"
"sp|P17174|AATC_HUMAN"
"sp|P17812|PYRG1_HUMAN"
"sp|P17844|DDX5_HUMAN"
"sp|P17858|K6PL_HUMAN"
"sp|P17931|LEG3_HUMAN"
"sp|P17980|PRS6A_HUMAN"
"sp|P17987|TCPA_HUMAN"
"sp|P18077|RL35A_HUMAN"
"sp|P18085|ARF4_HUMAN"
"sp|P18124|RL7_HUMAN"
"sp|P18206|VINC_HUMAN"
"sp|P18621|RL17_HUMAN"
"sp|P18669|PGAM1_HUMAN"
"sp|P18754|RCC1_HUMAN"
"sp|P18843|NADE_ECOLI"
"sp|P19012|K1C15_HUMAN"
"sp|P19338|NUCL_HUMAN"
"sp|P19367|HXK1_HUMAN"
"sp|P19623|SPEE_HUMAN"
"sp|P19926|AGP_ECOLI"
"sp|P20042|IF2B_HUMAN"
"sp|P20073|ANXA7_HUMAN"
"sp|P20290|BTF3_HUMAN"
"sp|P20338|RAB4A_HUMAN"
"sp|P20339|RAB5A_HUMAN"
"sp|P20340|RAB6A_HUMAN"
"sp|P20618|PSB1_HUMAN"
"sp|P20645|MPRD_HUMAN"
"sp|P20674|COX5A_HUMAN"
"sp|P20700|LMNB1_HUMAN"
"sp|P20810|ICAL_HUMAN"
"sp|P20839|IMDH1_HUMAN"
"sp|P20962|PTMS_HUMAN"
"sp|P20966|PTFBC_ECOLI"
"sp|P21127|CD11B_HUMAN"
"sp|P21165|PEPQ_ECOLI"
"sp|P21179|CATE_ECOLI"
"sp|P21266|GSTM3_HUMAN"
"sp|P21281|VATB2_HUMAN"
"sp|P21291|CSRP1_HUMAN"
"sp|P21333|FLNA_HUMAN"
"sp|P21367|YCAC_ECOLI"
"sp|P21399|ACOC_HUMAN"
"sp|P21513|RNE_ECOLI"
"sp|P21599|KPYK2_ECOLI"
"sp|P21796|VDAC1_HUMAN"
"sp|P21889|SYD_ECOLI"
"sp|P21912|DHSB_HUMAN"
"sp|P21926|CD9_HUMAN"
"sp|P21964|COMT_HUMAN"
"sp|P21980|TGM2_HUMAN"
"sp|P22061|PIMT_HUMAN"
"sp|P22087|FBRL_HUMAN"
"sp|P22102|PUR2_HUMAN"
"sp|P22234|PUR6_HUMAN"
"sp|P22256|GABT_ECOLI"
"sp|P22259|PCKA_ECOLI"
"sp|P22307|NLTP_HUMAN"
"sp|P22314|UBA1_HUMAN"
"sp|P22333|ADD_ECOLI"
"sp|P22392|NDKB_HUMAN"
"sp|P22626|ROA2_HUMAN"
"sp|P22695|QCR2_HUMAN"
"sp|P23193|TCEA1_HUMAN"
"sp|P23246|SFPQ_HUMAN"
"sp|P23284|PPIB_HUMAN"
"sp|P23368|MAOM_HUMAN"
"sp|P23381|SYWC_HUMAN"
"sp|P23396|RS3_HUMAN"
"sp|P23434|GCSH_HUMAN"
"sp|P23526|SAHH_HUMAN"
"sp|P23528|COF1_HUMAN"
"sp|P23588|IF4B_HUMAN"
"sp|P23634|AT2B4_HUMAN"
"sp|P23721|SERC_ECOLI"
"sp|P23786|CPT2_HUMAN"
"sp|P23847|DPPA_ECOLI"
"sp|P23869|PPIB_ECOLI"
"sp|P23893|GSA_ECOLI"
"sp|P23921|RIR1_HUMAN"
"sp|P24171|DCP_ECOLI"
"sp|P24182|ACCC_ECOLI"
"sp|P24534|EF1B_HUMAN"
"sp|P24539|AT5F1_HUMAN"
"sp|P24666|PPAC_HUMAN"
"sp|P24752|THIL_HUMAN"
"sp|P25205|MCM3_HUMAN"
"sp|P25398|RS12_HUMAN"
"sp|P25437|FRMA_ECOLI"
"sp|P25516|ACON1_ECOLI"
"sp|P25553|ALDA_ECOLI"
"sp|P25685|DNJB1_HUMAN"
"sp|P25705|ATPA_HUMAN"
"sp|P25738|MSYB_ECOLI"
"sp|P25786|PSA1_HUMAN"
"sp|P25787|PSA2_HUMAN"
"sp|P25788|PSA3_HUMAN"
"sp|P25789|PSA4_HUMAN"
"sp|P26006|ITA3_HUMAN"
"sp|P26038|MOES_HUMAN"
"sp|P26196|DDX6_HUMAN"
"sp|P26358|DNMT1_HUMAN"
"sp|P26368|U2AF2_HUMAN"
"sp|P26373|RL13_HUMAN"
"sp|P26447|S10A4_HUMAN"
"sp|P26583|HMGB2_HUMAN"
"sp|P26599|PTBP1_HUMAN"
"sp|P26639|SYTC_HUMAN"
"sp|P26640|SYVC_HUMAN"
"sp|P26641|EF1G_HUMAN"
"sp|P26885|FKBP2_HUMAN"
"sp|P27105|STOM_HUMAN"
"sp|P27144|KAD4_HUMAN"
"sp|P27248|GCST_ECOLI"
"sp|P27250|YJGB_ECOLI"
"sp|P27298|OPDA_ECOLI"
"sp|P27302|TKT1_ECOLI"
"sp|P27348|1433T_HUMAN"
"sp|P27550|ACSA_ECOLI"
"sp|P27635|RL10_HUMAN"
"sp|P27694|RFA1_HUMAN"
"sp|P27695|APEX1_HUMAN"
"sp|P27708|PYR1_HUMAN"
"sp|P27797|CALR_HUMAN"
"sp|P27816|MAP4_HUMAN"
"sp|P27824|CALX_HUMAN"
"sp|P28066|PSA5_HUMAN"
"sp|P28070|PSB4_HUMAN"
"sp|P28072|PSB6_HUMAN"
"sp|P28074|PSB5_HUMAN"
"sp|P28304|QOR1_ECOLI"
"sp|P28331|NDUS1_HUMAN"
"sp|P28340|DPOD1_HUMAN"
"sp|P28838|AMPL_HUMAN"
"sp|P29144|TPP2_HUMAN"
"sp|P29401|TKT_HUMAN"
"sp|P29692|EF1D_HUMAN"
"sp|P29745|PEPT_ECOLI"
"sp|P30040|ERP29_HUMAN"
"sp|P30041|PRDX6_HUMAN"
"sp|P30043|BLVRB_HUMAN"
"sp|P30044|PRDX5_HUMAN"
"sp|P30046|DOPD_HUMAN"
"sp|P30048|PRDX3_HUMAN"
"sp|P30049|ATPD_HUMAN"
"sp|P30050|RL12_HUMAN"
"sp|P30084|ECHM_HUMAN"
"sp|P30085|KCY_HUMAN"
"sp|P30086|PEBP1_HUMAN"
"sp|P30101|PDIA3_HUMAN"
"sp|P30153|2AAA_HUMAN"
"sp|P30177|YBIB_ECOLI"
"sp|P30419|NMT1_HUMAN"
"sp|P30455|1A36_HUMAN"
"sp|P30499|1C01_HUMAN"
"sp|P30520|PURA2_HUMAN"
"sp|P30533|AMRP_HUMAN"
"sp|P30536|TSPOA_HUMAN"
"sp|P30626|SORCN_HUMAN"
"sp|P30740|ILEU_HUMAN"
"sp|P30837|AL1B1_HUMAN"
"sp|P30838|AL3A1_HUMAN"
"sp|P30859|ARTI_ECOLI"
"sp|P31040|DHSA_HUMAN"
"sp|P31057|PANB_ECOLI"
"sp|P31120|GLMM_ECOLI"
"sp|P31150|GDIA_HUMAN"
"sp|P31153|METK2_HUMAN"
"sp|P31327|CPSM_HUMAN"
"sp|P31483|TIA1_HUMAN"
"sp|P31658|HCHA_ECOLI"
"sp|P31677|OTSA_ECOLI"
"sp|P31689|DNJA1_HUMAN"
"sp|P31930|QCR1_HUMAN"
"sp|P31937|3HIDH_HUMAN"
"sp|P31939|PUR9_HUMAN"
"sp|P31942|HNRH3_HUMAN"
"sp|P31943|HNRH1_HUMAN"
"sp|P31946|1433B_HUMAN"
"sp|P31947|1433S_HUMAN"
"sp|P31948|STIP1_HUMAN"
"sp|P31949|S10AB_HUMAN"
"sp|P32004|L1CAM_HUMAN"
"sp|P32119|PRDX2_HUMAN"
"sp|P32132|TYPA_ECOLI"
"sp|P32176|FDOG_ECOLI"
"sp|P32320|CDD_HUMAN"
"sp|P32322|P5CR1_HUMAN"
"sp|P32969|RL9_HUMAN"
"sp|P33136|OPGG_ECOLI"
"sp|P33176|KINH_HUMAN"
"sp|P33195|GCSP_ECOLI"
"sp|P33240|CSTF2_HUMAN"
"sp|P33316|DUT_HUMAN"
"sp|P33570|TKT2_ECOLI"
"sp|P33599|NUOCD_ECOLI"
"sp|P33602|NUOG_ECOLI"
"sp|P33991|MCM4_HUMAN"
"sp|P33992|MCM5_HUMAN"
"sp|P33993|MCM7_HUMAN"
"sp|P34896|GLYC_HUMAN"
"sp|P34897|GLYM_HUMAN"
"sp|P34931|HS71L_HUMAN"
"sp|P34932|HSP74_HUMAN"
"sp|P35030|TRY3_HUMAN"
"sp|P35052|GPC1_HUMAN"
"sp|P35232|PHB_HUMAN"
"sp|P35237|SPB6_HUMAN"
"sp|P35241|RADI_HUMAN"
"sp|P35244|RFA3_HUMAN"
"sp|P35249|RFC4_HUMAN"
"sp|P35250|RFC2_HUMAN"
"sp|P35268|RL22_HUMAN"
"sp|P35340|AHPF_ECOLI"
"sp|P35527|K1C9_HUMAN"
"sp|P35579|MYH9_HUMAN"
"sp|P35606|COPB2_HUMAN"
"sp|P35610|SOAT1_HUMAN"
"sp|P35613|BASI_HUMAN"
"sp|P35637|FUS_HUMAN"
"sp|P35659|DEK_HUMAN"
"sp|P35749|MYH11_HUMAN"
"sp|P35908|K22E_HUMAN"
"sp|P35998|PRS7_HUMAN"
"sp|P36405|ARL3_HUMAN"
"sp|P36542|ATPG_HUMAN"
"sp|P36578|RL4_HUMAN"
"sp|P36683|ACON2_ECOLI"
"sp|P36776|LONM_HUMAN"
"sp|P36871|PGM1_HUMAN"
"sp|P36938|PGM_ECOLI"
"sp|P36952|SPB5_HUMAN"
"sp|P36957|ODO2_HUMAN"
"sp|P36969|GPX4_HUMAN"
"sp|P37095|PEPB_ECOLI"
"sp|P37108|SRP14_HUMAN"
"sp|P37194|SLP_ECOLI"
"sp|P37235|HPCL1_HUMAN"
"sp|P37636|MDTE_ECOLI"
"sp|P37637|MDTF_ECOLI"
"sp|P37648|YHJJ_ECOLI"
"sp|P37657|BCSE_ECOLI"
"sp|P37666|GHRB_ECOLI"
"sp|P37685|ALDB_ECOLI"
"sp|P37689|GPMI_ECOLI"
"sp|P37759|RMLB1_ECOLI"
"sp|P37769|KDUD_ECOLI"
"sp|P37802|TAGL2_HUMAN"
"sp|P37837|TALDO_HUMAN"
"sp|P37840|SYUA_HUMAN"
"sp|P37902|GLTI_ECOLI"
"sp|P37903|USPF_ECOLI"
"sp|P38117|ETFB_HUMAN"
"sp|P38159|RBMX_HUMAN"
"sp|P38489|NFNB_ECOLI"
"sp|P38606|VATA_HUMAN"
"sp|P38646|GRP75_HUMAN"
"sp|P38919|IF4A3_HUMAN"
"sp|P39019|RS19_HUMAN"
"sp|P39023|RL3_HUMAN"
"sp|P39099|DEGQ_ECOLI"
"sp|P39173|YEAD_ECOLI"
"sp|P39177|USPG_ECOLI"
"sp|P39321|TAMB_ECOLI"
"sp|P39325|YTFQ_ECOLI"
"sp|P39656|OST48_HUMAN"
"sp|P39687|AN32A_HUMAN"
"sp|P39748|FEN1_HUMAN"
"sp|P39831|YDFG_ECOLI"
"sp|P40121|CAPG_HUMAN"
"sp|P40227|TCPZ_HUMAN"
"sp|P40261|NNMT_HUMAN"
"sp|P40429|RL13A_HUMAN"
"sp|P40616|ARL1_HUMAN"
"sp|P40925|MDHC_HUMAN"
"sp|P40926|MDHM_HUMAN"
"sp|P40937|RFC5_HUMAN"
"sp|P40939|ECHA_HUMAN"
"sp|P41091|IF2G_HUMAN"
"sp|P41236|IPP2_HUMAN"
"sp|P41250|SYG_HUMAN"
"sp|P41252|SYIC_HUMAN"
"sp|P41409|RIHA_ECOLI"
"sp|P42126|ECI1_HUMAN"
"sp|P42166|LAP2A_HUMAN"
"sp|P42167|LAP2B_HUMAN"
"sp|P42224|STAT1_HUMAN"
"sp|P42285|SK2L2_HUMAN"
"sp|P42330|AK1C3_HUMAN"
"sp|P42677|RS27_HUMAN"
"sp|P42704|LPPRC_HUMAN"
"sp|P42765|THIM_HUMAN"
"sp|P42766|RL35_HUMAN"
"sp|P42771|CD2A1_HUMAN"
"sp|P42785|PCP_HUMAN"
"sp|P42892|ECE1_HUMAN"
"sp|P43034|LIS1_HUMAN"
"sp|P43243|MATR3_HUMAN"
"sp|P43246|MSH2_HUMAN"
"sp|P43304|GPDM_HUMAN"
"sp|P43307|SSRA_HUMAN"
"sp|P43487|RANG_HUMAN"
"sp|P43686|PRS6B_HUMAN"
"sp|P43897|EFTS_HUMAN"
"sp|P45395|KDSD_ECOLI"
"sp|P45425|NANK_ECOLI"
"sp|P45523|FKBA_ECOLI"
"sp|P45578|LUXS_ECOLI"
"sp|P45877|PPIC_HUMAN"
"sp|P45880|VDAC2_HUMAN"
"sp|P45973|CBX5_HUMAN"
"sp|P45974|UBP5_HUMAN"
"sp|P46013|KI67_HUMAN"
"sp|P46060|RAGP1_HUMAN"
"sp|P46063|RECQ1_HUMAN"
"sp|P46087|NOP2_HUMAN"
"sp|P46379|BAG6_HUMAN"
"sp|P46459|NSF_HUMAN"
"sp|P46734|MP2K3_HUMAN"
"sp|P46776|RL27A_HUMAN"
"sp|P46777|RL5_HUMAN"
"sp|P46778|RL21_HUMAN"
"sp|P46779|RL28_HUMAN"
"sp|P46781|RS9_HUMAN"
"sp|P46782|RS5_HUMAN"
"sp|P46783|RS10_HUMAN"
"sp|P46940|IQGA1_HUMAN"
"sp|P46977|STT3A_HUMAN"
"sp|P47712|PA24A_HUMAN"
"sp|P47755|CAZA2_HUMAN"
"sp|P47756|CAPZB_HUMAN"
"sp|P47813|IF1AX_HUMAN"
"sp|P47897|SYQ_HUMAN"
"sp|P47914|RL29_HUMAN"
"sp|P48047|ATPO_HUMAN"
"sp|P48444|COPD_HUMAN"
"sp|P48506|GSH1_HUMAN"
"sp|P48507|GSH0_HUMAN"
"sp|P48509|CD151_HUMAN"
"sp|P48556|PSMD8_HUMAN"
"sp|P48637|GSHB_HUMAN"
"sp|P48643|TCPE_HUMAN"
"sp|P48735|IDHP_HUMAN"
"sp|P48739|PIPNB_HUMAN"
"sp|P49189|AL9A1_HUMAN"
"sp|P49207|RL34_HUMAN"
"sp|P49257|LMAN1_HUMAN"
"sp|P49321|NASP_HUMAN"
"sp|P49327|FAS_HUMAN"
"sp|P49368|TCPG_HUMAN"
"sp|P49411|EFTU_HUMAN"
"sp|P49419|AL7A1_HUMAN"
"sp|P49458|SRP09_HUMAN"
"sp|P49588|SYAC_HUMAN"
"sp|P49589|SYCC_HUMAN"
"sp|P49591|SYSC_HUMAN"
"sp|P49720|PSB3_HUMAN"
"sp|P49721|PSB2_HUMAN"
"sp|P49736|MCM2_HUMAN"
"sp|P49748|ACADV_HUMAN"
"sp|P49755|TMEDA_HUMAN"
"sp|P49756|RBM25_HUMAN"
"sp|P49773|HINT1_HUMAN"
"sp|P49792|RBP2_HUMAN"
"sp|P49915|GUAA_HUMAN"
"sp|P49959|MRE11_HUMAN"
"sp|P50213|IDH3A_HUMAN"
"sp|P50395|GDIB_HUMAN"
"sp|P50402|EMD_HUMAN"
"sp|P50416|CPT1A_HUMAN"
"sp|P50454|SERPH_HUMAN"
"sp|P50502|F10A1_HUMAN"
"sp|P50552|VASP_HUMAN"
"sp|P50570|DYN2_HUMAN"
"sp|P50897|PPT1_HUMAN"
"sp|P50914|RL14_HUMAN"
"sp|P50990|TCPQ_HUMAN"
"sp|P50991|TCPD_HUMAN"
"sp|P50995|ANX11_HUMAN"
"sp|P51114|FXR1_HUMAN"
"sp|P51148|RAB5C_HUMAN"
"sp|P51149|RAB7A_HUMAN"
"sp|P51153|RAB13_HUMAN"
"sp|P51532|SMCA4_HUMAN"
"sp|P51553|IDH3G_HUMAN"
"sp|P51571|SSRD_HUMAN"
"sp|P51572|BAP31_HUMAN"
"sp|P51610|HCFC1_HUMAN"
"sp|P51648|AL3A2_HUMAN"
"sp|P51659|DHB4_HUMAN"
"sp|P51665|PSMD7_HUMAN"
"sp|P51692|STA5B_HUMAN"
"sp|P51809|VAMP7_HUMAN"
"sp|P51858|HDGF_HUMAN"
"sp|P51970|NDUA8_HUMAN"
"sp|P51991|ROA3_HUMAN"
"sp|P52209|6PGD_HUMAN"
"sp|P52272|HNRPM_HUMAN"
"sp|P52292|IMA1_HUMAN"
"sp|P52298|NCBP2_HUMAN"
"sp|P52565|GDIR1_HUMAN"
"sp|P52597|HNRPF_HUMAN"
"sp|P52643|LDHD_ECOLI"
"sp|P52697|6PGL_ECOLI"
"sp|P52701|MSH6_HUMAN"
"sp|P52815|RM12_HUMAN"
"sp|P52888|THOP1_HUMAN"
"sp|P52895|AK1C2_HUMAN"
"sp|P52907|CAZA1_HUMAN"
"sp|P53004|BIEA_HUMAN"
"sp|P53007|TXTP_HUMAN"
"sp|P53041|PPP5_HUMAN"
"sp|P53396|ACLY_HUMAN"
"sp|P53582|MAP11_HUMAN"
"sp|P53597|SUCA_HUMAN"
"sp|P53618|COPB_HUMAN"
"sp|P53621|COPA_HUMAN"
"sp|P53634|CATC_HUMAN"
"sp|P53701|CCHL_HUMAN"
"sp|P53999|TCP4_HUMAN"
"sp|P54136|SYRC_HUMAN"
"sp|P54577|SYYC_HUMAN"
"sp|P54578|UBP14_HUMAN"
"sp|P54707|AT12A_HUMAN"
"sp|P54709|AT1B3_HUMAN"
"sp|P54725|RD23A_HUMAN"
"sp|P54727|RD23B_HUMAN"
"sp|P54819|KAD2_HUMAN"
"sp|P54886|P5CS_HUMAN"
"sp|P54920|SNAA_HUMAN"
"sp|P55010|IF5_HUMAN"
"sp|P55036|PSMD4_HUMAN"
"sp|P55060|XPO2_HUMAN"
"sp|P55072|TERA_HUMAN"
"sp|P55084|ECHB_HUMAN"
"sp|P55145|MANF_HUMAN"
"sp|P55209|NP1L1_HUMAN"
"sp|P55265|DSRAD_HUMAN"
"sp|P55291|CAD15_HUMAN"
"sp|P55327|TPD52_HUMAN"
"sp|P55735|SEC13_HUMAN"
"sp|P55769|NH2L1_HUMAN"
"sp|P55786|PSA_HUMAN"
"sp|P55795|HNRH2_HUMAN"
"sp|P55809|SCOT1_HUMAN"
"sp|P55884|EIF3B_HUMAN"
"sp|P56134|ATPK_HUMAN"
"sp|P56192|SYMC_HUMAN"
"sp|P56381|ATP5E_HUMAN"
"sp|P56385|ATP5I_HUMAN"
"sp|P56537|IF6_HUMAN"
"sp|P56545|CTBP2_HUMAN"
"sp|P57088|TMM33_HUMAN"
"sp|P57105|SYJ2B_HUMAN"
"sp|P58107|EPIPL_HUMAN"
"sp|P58546|MTPN_HUMAN"
"sp|P59998|ARPC4_HUMAN"
"sp|P60174|TPIS_HUMAN"
"sp|P60228|EIF3E_HUMAN"
"sp|P60422|RL2_ECOLI"
"sp|P60438|RL3_ECOLI"
"sp|P60468|SC61B_HUMAN"
"sp|P60624|RL24_ECOLI"
"sp|P60651|SPEB_ECOLI"
"sp|P60660|MYL6_HUMAN"
"sp|P60709|ACTB_HUMAN"
"sp|P60716|LIPA_ECOLI"
"sp|P60723|RL4_ECOLI"
"sp|P60763|RAC3_HUMAN"
"sp|P60785|LEPA_ECOLI"
"sp|P60842|IF4A1_HUMAN"
"sp|P60866|RS20_HUMAN"
"sp|P60891|PRPS1_HUMAN"
"sp|P60900|PSA6_HUMAN"
"sp|P60903|S10AA_HUMAN"
"sp|P60906|SYH_ECOLI"
"sp|P60953|CDC42_HUMAN"
"sp|P60981|DEST_HUMAN"
"sp|P61006|RAB8A_HUMAN"
"sp|P61011|SRP54_HUMAN"
"sp|P61019|RAB2A_HUMAN"
"sp|P61026|RAB10_HUMAN"
"sp|P61077|UB2D3_HUMAN"
"sp|P61081|UBC12_HUMAN"
"sp|P61086|UBE2K_HUMAN"
"sp|P61088|UBE2N_HUMAN"
"sp|P61106|RAB14_HUMAN"
"sp|P61158|ARP3_HUMAN"
"sp|P61160|ARP2_HUMAN"
"sp|P61163|ACTZ_HUMAN"
"sp|P61175|RL22_ECOLI"
"sp|P61201|CSN2_HUMAN"
"sp|P61204|ARF3_HUMAN"
"sp|P61221|ABCE1_HUMAN"
"sp|P61224|RAP1B_HUMAN"
"sp|P61247|RS3A_HUMAN"
"sp|P61254|RL26_HUMAN"
"sp|P61289|PSME3_HUMAN"
"sp|P61313|RL15_HUMAN"
"sp|P61326|MGN_HUMAN"
"sp|P61353|RL27_HUMAN"
"sp|P61513|RL37A_HUMAN"
"sp|P61517|CAN_ECOLI"
"sp|P61586|RHOA_HUMAN"
"sp|P61604|CH10_HUMAN"
"sp|P61619|S61A1_HUMAN"
"sp|P61714|RISB_ECOLI"
"sp|P61758|PFD3_HUMAN"
"sp|P61769|B2MG_HUMAN"
"sp|P61803|DAD1_HUMAN"
"sp|P61889|MDH_ECOLI"
"sp|P61923|COPZ1_HUMAN"
"sp|P61927|RL37_HUMAN"
"sp|P61956|SUMO2_HUMAN"
"sp|P61978|HNRPK_HUMAN"
"sp|P61981|1433G_HUMAN"
"sp|P62081|RS7_HUMAN"
"sp|P62136|PP1A_HUMAN"
"sp|P62140|PP1B_HUMAN"
"sp|P62158|CALM_HUMAN"
"sp|P62191|PRS4_HUMAN"
"sp|P62195|PRS8_HUMAN"
"sp|P62241|RS8_HUMAN"
"sp|P62244|RS15A_HUMAN"
"sp|P62249|RS16_HUMAN"
"sp|P62258|1433E_HUMAN"
"sp|P62263|RS14_HUMAN"
"sp|P62266|RS23_HUMAN"
"sp|P62269|RS18_HUMAN"
"sp|P62273|RS29_HUMAN"
"sp|P62277|RS13_HUMAN"
"sp|P62280|RS11_HUMAN"
"sp|P62304|RUXE_HUMAN"
"sp|P62306|RUXF_HUMAN"
"sp|P62310|LSM3_HUMAN"
"sp|P62314|SMD1_HUMAN"
"sp|P62316|SMD2_HUMAN"
"sp|P62318|SMD3_HUMAN"
"sp|P62328|TYB4_HUMAN"
"sp|P62333|PRS10_HUMAN"
"sp|P62399|RL5_ECOLI"
"sp|P62424|RL7A_HUMAN"
"sp|P62495|ERF1_HUMAN"
"sp|P62633|CNBP_HUMAN"
"sp|P62701|RS4X_HUMAN"
"sp|P62707|GPMA_ECOLI"
"sp|P62750|RL23A_HUMAN"
"sp|P62753|RS6_HUMAN"
"sp|P62768|YAEH_ECOLI"
"sp|P62805|H4_HUMAN"
"sp|P62820|RAB1A_HUMAN"
"sp|P62826|RAN_HUMAN"
"sp|P62829|RL23_HUMAN"
"sp|P62841|RS15_HUMAN"
"sp|P62847|RS24_HUMAN"
"sp|P62851|RS25_HUMAN"
"sp|P62854|RS26_HUMAN"
"sp|P62857|RS28_HUMAN"
"sp|P62861|RS30_HUMAN"
"sp|P62873|GBB1_HUMAN"
"sp|P62877|RBX1_HUMAN"
"sp|P62879|GBB2_HUMAN"
"sp|P62888|RL30_HUMAN"
"sp|P62891|RL39_HUMAN"
"sp|P62899|RL31_HUMAN"
"sp|P62906|RL10A_HUMAN"
"sp|P62910|RL32_HUMAN"
"sp|P62913|RL11_HUMAN"
"sp|P62917|RL8_HUMAN"
"sp|P62937|PPIA_HUMAN"
"sp|P62942|FKB1A_HUMAN"
"sp|P62979|RS27A_HUMAN"
"sp|P62993|GRB2_HUMAN"
"sp|P62995|TRA2B_HUMAN"
"sp|P63000|RAC1_HUMAN"
"sp|P63010|AP2B1_HUMAN"
"sp|P63020|NFUA_ECOLI"
"sp|P63027|VAMP2_HUMAN"
"sp|P63104|1433Z_HUMAN"
"sp|P63151|2ABA_HUMAN"
"sp|P63165|SUMO1_HUMAN"
"sp|P63167|DYL1_HUMAN"
"sp|P63173|RL38_HUMAN"
"sp|P63208|SKP1_HUMAN"
"sp|P63220|RS21_HUMAN"
"sp|P63224|GMHA_ECOLI"
"sp|P63235|GADC_ECOLI"
"sp|P63241|IF5A1_HUMAN"
"sp|P63244|GBLP_HUMAN"
"sp|P63261|ACTG_HUMAN"
"sp|P63279|UBC9_HUMAN"
"sp|P63284|CLPB_ECOLI"
"sp|P63313|TYB10_HUMAN"
"sp|P64463|YDFZ_ECOLI"
"sp|P64581|YQJD_ECOLI"
"sp|P64596|YRAP_ECOLI"
"sp|P65292|YGDI_ECOLI"
"sp|P65807|YGEY_ECOLI"
"sp|P67775|PP2AA_HUMAN"
"sp|P67809|YBOX1_HUMAN"
"sp|P67812|SC11A_HUMAN"
"sp|P67870|CSK2B_HUMAN"
"sp|P67910|HLDD_ECOLI"
"sp|P67936|TPM4_HUMAN"
"sp|P68066|GRCA_ECOLI"
"sp|P68104|EF1A1_HUMAN"
"sp|P68133|ACTS_HUMAN"
"sp|P68191|SRA_ECOLI"
"sp|P68206|YJBJ_ECOLI"
"sp|P68366|TBA4A_HUMAN"
"sp|P68371|TBB4B_HUMAN"
"sp|P68400|CSK21_HUMAN"
"sp|P68402|PA1B2_HUMAN"
"sp|P68431|H31_HUMAN"
"sp|P68679|RS21_ECOLI"
"sp|P68767|AMPA_ECOLI"
"sp|P68919|RL25_ECOLI"
"sp|P69222|IF1_ECOLI"
"sp|P69441|KAD_ECOLI"
"sp|P69776|LPP_ECOLI"
"sp|P69783|PTGA_ECOLI"
"sp|P69797|PTNAB_ECOLI"
"sp|P69805|PTND_ECOLI"
"sp|P69908|DCEA_ECOLI"
"sp|P69910|DCEB_ECOLI"
"sp|P69924|RIR2_ECOLI"
"sp|P75682|YAGE_ECOLI"
"sp|P75818|YBJP_ECOLI"
"sp|P75874|YCCU_ECOLI"
"sp|P76113|CURA_ECOLI"
"sp|P76187|YDHF_ECOLI"
"sp|P76193|YNHG_ECOLI"
"sp|P76402|YEGP_ECOLI"
"sp|P76418|YEGU_ECOLI"
"sp|P76440|PRET_ECOLI"
"sp|P76558|MAO2_ECOLI"
"sp|P76658|HLDE_ECOLI"
"sp|P77596|YAGF_ECOLI"
"sp|P77625|YFBT_ECOLI"
"sp|P77717|YBAY_ECOLI"
"sp|P77735|YAJO_ECOLI"
"sp|P77739|YNIA_ECOLI"
"sp|P77774|BAMB_ECOLI"
"sp|P77804|YDGA_ECOLI"
"sp|P78330|SERB_HUMAN"
"sp|P78344|IF4G2_HUMAN"
"sp|P78347|GTF2I_HUMAN"
"sp|P78371|TCPB_HUMAN"
"sp|P78386|KRT85_HUMAN"
"sp|P78406|RAE1L_HUMAN"
"sp|P78417|GSTO1_HUMAN"
"sp|P78527|PRKDC_HUMAN"
"sp|P80294|MT1H_HUMAN"
"sp|P80303|NUCB2_HUMAN"
"sp|P80723|BASP1_HUMAN"
"sp|P82650|RT22_HUMAN"
"sp|P82930|RT34_HUMAN"
"sp|P82970|HMGN5_HUMAN"
"sp|P82979|SARNP_HUMAN"
"sp|P83731|RL24_HUMAN"
"sp|P83881|RL36A_HUMAN"
"sp|P84085|ARF5_HUMAN"
"sp|P84090|ERH_HUMAN"
"sp|P84098|RL19_HUMAN"
"sp|P84103|SRSF3_HUMAN"
"sp|P84243|H33_HUMAN"
"sp|P98082|DAB2_HUMAN"
"sp|P98175|RBM10_HUMAN"
"sp|P99999|CYC_HUMAN"
"sp|Q00059|TFAM_HUMAN"
"sp|Q00325|MPCP_HUMAN"
"sp|Q00341|VIGLN_HUMAN"
"sp|Q00610|CLH1_HUMAN"
"sp|Q00688|FKBP3_HUMAN"
"sp|Q00765|REEP5_HUMAN"
"sp|Q00839|HNRPU_HUMAN"
"sp|Q01081|U2AF1_HUMAN"
"sp|Q01082|SPTB2_HUMAN"
"sp|Q01085|TIAR_HUMAN"
"sp|Q01105|SET_HUMAN"
"sp|Q01130|SRSF2_HUMAN"
"sp|Q01469|FABP5_HUMAN"
"sp|Q01518|CAP1_HUMAN"
"sp|Q01650|LAT1_HUMAN"
"sp|Q01668|CAC1D_HUMAN"
"sp|Q01780|EXOSX_HUMAN"
"sp|Q01813|K6PP_HUMAN"
"sp|Q01844|EWS_HUMAN"
"sp|Q02218|ODO1_HUMAN"
"sp|Q02487|DSC2_HUMAN"
"sp|Q02539|H11_HUMAN"
"sp|Q02543|RL18A_HUMAN"
"sp|Q02790|FKBP4_HUMAN"
"sp|Q02809|PLOD1_HUMAN"
"sp|Q02818|NUCB1_HUMAN"
"sp|Q02878|RL6_HUMAN"
"sp|Q02880|TOP2B_HUMAN"
"sp|Q02978|M2OM_HUMAN"
"sp|Q03135|CAV1_HUMAN"
"sp|Q03252|LMNB2_HUMAN"
"sp|Q04323|UBXN1_HUMAN"
"sp|Q04446|GLGB_HUMAN"
"sp|Q04637|IF4G1_HUMAN"
"sp|Q04695|K1C17_HUMAN"
"sp|Q04760|LGUL_HUMAN"
"sp|Q04837|SSBP_HUMAN"
"sp|Q04917|1433F_HUMAN"
"sp|Q05519|SRS11_HUMAN"
"sp|Q05639|EF1A2_HUMAN"
"sp|Q05682|CALD1_HUMAN"
"sp|Q06210|GFPT1_HUMAN"
"sp|Q06265|EXOS9_HUMAN"
"sp|Q06323|PSME1_HUMAN"
"sp|Q06830|PRDX1_HUMAN"
"sp|Q07020|RL18_HUMAN"
"sp|Q07021|C1QBP_HUMAN"
"sp|Q07065|CKAP4_HUMAN"
"sp|Q07666|KHDR1_HUMAN"
"sp|Q07812|BAX_HUMAN"
"sp|Q07866|KLC1_HUMAN"
"sp|Q07955|SRSF1_HUMAN"
"sp|Q08209|PP2BA_HUMAN"
"sp|Q08211|DHX9_HUMAN"
"sp|Q08379|GOGA2_HUMAN"
"sp|Q08499|PDE4D_HUMAN"
"sp|Q08945|SSRP1_HUMAN"
"sp|Q08J23|NSUN2_HUMAN"
"sp|Q09028|RBBP4_HUMAN"
"sp|Q09161|NCBP1_HUMAN"
"sp|Q09666|AHNK_HUMAN"
"sp|Q10471|GALT2_HUMAN"
"sp|Q10567|AP1B1_HUMAN"
"sp|Q10589|BST2_HUMAN"
"sp|Q10713|MPPA_HUMAN"
"sp|Q12765|SCRN1_HUMAN"
"sp|Q12788|TBL3_HUMAN"
"sp|Q12792|TWF1_HUMAN"
"sp|Q12797|ASPH_HUMAN"
"sp|Q12849|GRSF1_HUMAN"
"sp|Q12873|CHD3_HUMAN"
"sp|Q12874|SF3A3_HUMAN"
"sp|Q12894|IFRD2_HUMAN"
"sp|Q12904|AIMP1_HUMAN"
"sp|Q12905|ILF2_HUMAN"
"sp|Q12906|ILF3_HUMAN"
"sp|Q12907|LMAN2_HUMAN"
"sp|Q12931|TRAP1_HUMAN"
"sp|Q12955|ANK3_HUMAN"
"sp|Q12965|MYO1E_HUMAN"
"sp|Q12974|TP4A2_HUMAN"
"sp|Q13011|ECH1_HUMAN"
"sp|Q13085|ACACA_HUMAN"
"sp|Q13126|MTAP_HUMAN"
"sp|Q13148|TADBP_HUMAN"
"sp|Q13151|ROA0_HUMAN"
"sp|Q13155|AIMP2_HUMAN"
"sp|Q13162|PRDX4_HUMAN"
"sp|Q13185|CBX3_HUMAN"
"sp|Q13200|PSMD2_HUMAN"
"sp|Q13228|SBP1_HUMAN"
"sp|Q13242|SRSF9_HUMAN"
"sp|Q13247|SRSF6_HUMAN"
"sp|Q13263|TIF1B_HUMAN"
"sp|Q13283|G3BP1_HUMAN"
"sp|Q13310|PABP4_HUMAN"
"sp|Q13347|EIF3I_HUMAN"
"sp|Q13363|CTBP1_HUMAN"
"sp|Q13404|UB2V1_HUMAN"
"sp|Q13405|RM49_HUMAN"
"sp|Q13418|ILK_HUMAN"
"sp|Q13423|NNTM_HUMAN"
"sp|Q13428|TCOF_HUMAN"
"sp|Q13435|SF3B2_HUMAN"
"sp|Q13442|HAP28_HUMAN"
"sp|Q13492|PICAL_HUMAN"
"sp|Q13509|TBB3_HUMAN"
"sp|Q13561|DCTN2_HUMAN"
"sp|Q13596|SNX1_HUMAN"
"sp|Q13619|CUL4A_HUMAN"
"sp|Q13620|CUL4B_HUMAN"
"sp|Q13636|RAB31_HUMAN"
"sp|Q13642|FHL1_HUMAN"
"sp|Q13724|MOGS_HUMAN"
"sp|Q13765|NACA_HUMAN"
"sp|Q13813|SPTN1_HUMAN"
"sp|Q13838|DX39B_HUMAN"
"sp|Q13867|BLMH_HUMAN"
"sp|Q13868|EXOS2_HUMAN"
"sp|Q13907|IDI1_HUMAN"
"sp|Q14008|CKAP5_HUMAN"
"sp|Q14019|COTL1_HUMAN"
"sp|Q14103|HNRPD_HUMAN"
"sp|Q14126|DSG2_HUMAN"
"sp|Q14152|EIF3A_HUMAN"
"sp|Q14157|UBP2L_HUMAN"
"sp|Q14166|TTL12_HUMAN"
"sp|Q14194|DPYL1_HUMAN"
"sp|Q14204|DYHC1_HUMAN"
"sp|Q14232|EI2BA_HUMAN"
"sp|Q14240|IF4A2_HUMAN"
"sp|Q14247|SRC8_HUMAN"
"sp|Q14254|FLOT2_HUMAN"
"sp|Q14258|TRI25_HUMAN"
"sp|Q14318|FKBP8_HUMAN"
"sp|Q14320|FA50A_HUMAN"
"sp|Q14444|CAPR1_HUMAN"
"sp|Q14498|RBM39_HUMAN"
"sp|Q14566|MCM6_HUMAN"
"sp|Q14568|HS902_HUMAN"
"sp|Q14677|EPN4_HUMAN"
"sp|Q14683|SMC1A_HUMAN"
"sp|Q14694|UBP10_HUMAN"
"sp|Q14697|GANAB_HUMAN"
"sp|Q14839|CHD4_HUMAN"
"sp|Q14847|LASP1_HUMAN"
"sp|Q14914|PTGR1_HUMAN"
"sp|Q14919|NC2A_HUMAN"
"sp|Q14974|IMB1_HUMAN"
"sp|Q14978|NOLC1_HUMAN"
"sp|Q14980|NUMA1_HUMAN"
"sp|Q14CN4|K2C72_HUMAN"
"sp|Q15005|SPCS2_HUMAN"
"sp|Q15008|PSMD6_HUMAN"
"sp|Q15019|SEPT2_HUMAN"
"sp|Q15029|U5S1_HUMAN"
"sp|Q15046|SYK_HUMAN"
"sp|Q15056|IF4H_HUMAN"
"sp|Q15061|WDR43_HUMAN"
"sp|Q15084|PDIA6_HUMAN"
"sp|Q15102|PA1B3_HUMAN"
"sp|Q15125|EBP_HUMAN"
"sp|Q15149|PLEC_HUMAN"
"sp|Q15181|IPYR_HUMAN"
"sp|Q15185|TEBP_HUMAN"
"sp|Q15233|NONO_HUMAN"
"sp|Q15257|PTPA_HUMAN"
"sp|Q15269|PWP2_HUMAN"
"sp|Q15287|RNPS1_HUMAN"
"sp|Q15293|RCN1_HUMAN"
"sp|Q15363|TMED2_HUMAN"
"sp|Q15365|PCBP1_HUMAN"
"sp|Q15366|PCBP2_HUMAN"
"sp|Q15369|ELOC_HUMAN"
"sp|Q15370|ELOB_HUMAN"
"sp|Q15393|SF3B3_HUMAN"
"sp|Q15424|SAFB1_HUMAN"
"sp|Q15427|SF3B4_HUMAN"
"sp|Q15436|SC23A_HUMAN"
"sp|Q15459|SF3A1_HUMAN"
"sp|Q15631|TSN_HUMAN"
"sp|Q15637|SF01_HUMAN"
"sp|Q15645|PCH2_HUMAN"
"sp|Q15654|TRIP6_HUMAN"
"sp|Q15691|MARE1_HUMAN"
"sp|Q15717|ELAV1_HUMAN"
"sp|Q15738|NSDHL_HUMAN"
"sp|Q15758|AAAT_HUMAN"
"sp|Q15785|TOM34_HUMAN"
"sp|Q15819|UB2V2_HUMAN"
"sp|Q15843|NEDD8_HUMAN"
"sp|Q15904|VAS1_HUMAN"
"sp|Q15907|RB11B_HUMAN"
"sp|Q15942|ZYX_HUMAN"
"sp|Q16181|SEPT7_HUMAN"
"sp|Q16186|ADRM1_HUMAN"
"sp|Q16222|UAP1_HUMAN"
"sp|Q16401|PSMD5_HUMAN"
"sp|Q16527|CSRP2_HUMAN"
"sp|Q16531|DDB1_HUMAN"
"sp|Q16543|CDC37_HUMAN"
"sp|Q16555|DPYL2_HUMAN"
"sp|Q16563|SYPL1_HUMAN"
"sp|Q16576|RBBP7_HUMAN"
"sp|Q16629|SRSF7_HUMAN"
"sp|Q16630|CPSF6_HUMAN"
"sp|Q16658|FSCN1_HUMAN"
"sp|Q16698|DECR_HUMAN"
"sp|Q16718|NDUA5_HUMAN"
"sp|Q16719|KYNU_HUMAN"
"sp|Q16775|GLO2_HUMAN"
"sp|Q16777|H2A2C_HUMAN"
"sp|Q16836|HCDH_HUMAN"
"sp|Q16851|UGPA_HUMAN"
"sp|Q16881|TRXR1_HUMAN"
"sp|Q16891|IMMT_HUMAN"
"sp|Q1KMD3|HNRL2_HUMAN"
"sp|Q29960|1C16_HUMAN"
"sp|Q29RF7|PDS5A_HUMAN"
"sp|Q2M7R5|YIBT_ECOLI"
"sp|Q2NL82|TSR1_HUMAN"
"sp|Q2TAY7|SMU1_HUMAN"
"sp|Q32MZ4|LRRF1_HUMAN"
"sp|Q32P28|P3H1_HUMAN"
"sp|Q3ZCM7|TBB8_HUMAN"
"sp|Q46811|YGFK_ECOLI"
"sp|Q46845|YGHU_ECOLI"
"sp|Q46851|GPR_ECOLI"
"sp|Q46857|DKGA_ECOLI"
"sp|Q52LJ0|FA98B_HUMAN"
"sp|Q53EL6|PDCD4_HUMAN"
"sp|Q53GS7|GLE1_HUMAN"
"sp|Q53GS9|SNUT2_HUMAN"
"sp|Q562R1|ACTBL_HUMAN"
"sp|Q58FF7|H90B3_HUMAN"
"sp|Q58FG1|HS904_HUMAN"
"sp|Q5JTH9|RRP12_HUMAN"
"sp|Q5JTV8|TOIP1_HUMAN"
"sp|Q5RKV6|EXOS6_HUMAN"
"sp|Q5SSJ5|HP1B3_HUMAN"
"sp|Q5T8P6|RBM26_HUMAN"
"sp|Q5T9L3|WLS_HUMAN"
"sp|Q5VYJ5|CJ112_HUMAN"
"sp|Q659C4|LAR1B_HUMAN"
"sp|Q6DD88|ATLA3_HUMAN"
"sp|Q6EMK4|VASN_HUMAN"
"sp|Q6IQ49|SDE2_HUMAN"
"sp|Q6NUK1|SCMC1_HUMAN"
"sp|Q6NZI2|PTRF_HUMAN"
"sp|Q6P2Q9|PRP8_HUMAN"
"sp|Q6PKG0|LARP1_HUMAN"
"sp|Q6TDU7|CASC1_HUMAN"
"sp|Q6UB35|C1TM_HUMAN"
"sp|Q6UW68|TM205_HUMAN"
"sp|Q6YN16|HSDL2_HUMAN"
"sp|Q6ZMW2|ZN782_HUMAN"
"sp|Q6ZQY3|GADL1_HUMAN"
"sp|Q71DI3|H32_HUMAN"
"sp|Q7KZF4|SND1_HUMAN"
"sp|Q7L014|DDX46_HUMAN"
"sp|Q7L1Q6|BZW1_HUMAN"
"sp|Q7L2E3|DHX30_HUMAN"
"sp|Q7L576|CYFP1_HUMAN"
"sp|Q7LBR1|CHM1B_HUMAN"
"sp|Q7Z406|MYH14_HUMAN"
"sp|Q7Z5L9|I2BP2_HUMAN"
"sp|Q7Z6G8|ANS1B_HUMAN"
"sp|Q7Z6Z7|HUWE1_HUMAN"
"sp|Q86U42|PABP2_HUMAN"
"sp|Q86UE4|LYRIC_HUMAN"
"sp|Q86UP2|KTN1_HUMAN"
"sp|Q86V81|THOC4_HUMAN"
"sp|Q86VP6|CAND1_HUMAN"
"sp|Q86VW0|SESD1_HUMAN"
"sp|Q86X55|CARM1_HUMAN"
"sp|Q8IV08|PLD3_HUMAN"
"sp|Q8IWX8|CHERP_HUMAN"
"sp|Q8IY81|SPB1_HUMAN"
"sp|Q8IYB3|SRRM1_HUMAN"
"sp|Q8IYD1|ERF3B_HUMAN"
"sp|Q8IYD8|FANCM_HUMAN"
"sp|Q8IZL8|PELP1_HUMAN"
"sp|Q8N0Y2|ZN444_HUMAN"
"sp|Q8N163|CCAR2_HUMAN"
"sp|Q8N1F7|NUP93_HUMAN"
"sp|Q8N1G4|LRC47_HUMAN"
"sp|Q8N257|H2B3B_HUMAN"
"sp|Q8N5M9|JAGN1_HUMAN"
"sp|Q8N684|CPSF7_HUMAN"
"sp|Q8N726|CD2A2_HUMAN"
"sp|Q8NBJ5|GT251_HUMAN"
"sp|Q8NBJ7|SUMF2_HUMAN"
"sp|Q8NBS3|S4A11_HUMAN"
"sp|Q8NBS9|TXND5_HUMAN"
"sp|Q8NBX0|SCPDL_HUMAN"
"sp|Q8NC51|PAIRB_HUMAN"
"sp|Q8NCA5|FA98A_HUMAN"
"sp|Q8NCW5|NNRE_HUMAN"
"sp|Q8NE71|ABCF1_HUMAN"
"sp|Q8NEF3|CC112_HUMAN"
"sp|Q8NEH6|MNS1_HUMAN"
"sp|Q8NF37|PCAT1_HUMAN"
"sp|Q8NFH3|NUP43_HUMAN"
"sp|Q8NFJ5|RAI3_HUMAN"
"sp|Q8NG66|NEK11_HUMAN"
"sp|Q8NHB7|OR5K1_HUMAN"
"sp|Q8TAQ2|SMRC2_HUMAN"
"sp|Q8TBC4|UBA3_HUMAN"
"sp|Q8TC12|RDH11_HUMAN"
"sp|Q8TCJ2|STT3B_HUMAN"
"sp|Q8TCT9|HM13_HUMAN"
"sp|Q8TDN6|BRX1_HUMAN"
"sp|Q8TEM1|PO210_HUMAN"
"sp|Q8WUM4|PDC6I_HUMAN"
"sp|Q8WVJ2|NUDC2_HUMAN"
"sp|Q8WW12|PCNP_HUMAN"
"sp|Q8WWI1|LMO7_HUMAN"
"sp|Q8WWY3|PRP31_HUMAN"
"sp|Q8WX92|NELFB_HUMAN"
"sp|Q8WXA9|SREK1_HUMAN"
"sp|Q8WXF1|PSPC1_HUMAN"
"sp|Q92499|DDX1_HUMAN"
"sp|Q92522|H1X_HUMAN"
"sp|Q92542|NICA_HUMAN"
"sp|Q92552|RT27_HUMAN"
"sp|Q92598|HS105_HUMAN"
"sp|Q92616|GCN1L_HUMAN"
"sp|Q92619|HMHA1_HUMAN"
"sp|Q92621|NU205_HUMAN"
"sp|Q92688|AN32B_HUMAN"
"sp|Q92747|ARC1A_HUMAN"
"sp|Q92769|HDAC2_HUMAN"
"sp|Q92804|RBP56_HUMAN"
"sp|Q92820|GGH_HUMAN"
"sp|Q92841|DDX17_HUMAN"
"sp|Q92879|CELF1_HUMAN"
"sp|Q92890|UFD1_HUMAN"
"sp|Q92896|GSLG1_HUMAN"
"sp|Q92900|RENT1_HUMAN"
"sp|Q92901|RL3L_HUMAN"
"sp|Q92945|FUBP2_HUMAN"
"sp|Q92973|TNPO1_HUMAN"
"sp|Q92979|NEP1_HUMAN"
"sp|Q969G3|SMCE1_HUMAN"
"sp|Q969H8|CS010_HUMAN"
"sp|Q969V3|NCLN_HUMAN"
"sp|Q969X5|ERGI1_HUMAN"
"sp|Q96A26|F162A_HUMAN"
"sp|Q96AC1|FERM2_HUMAN"
"sp|Q96AE4|FUBP1_HUMAN"
"sp|Q96AG4|LRC59_HUMAN"
"sp|Q96AY3|FKB10_HUMAN"
"sp|Q96B26|EXOS8_HUMAN"
"sp|Q96C19|EFHD2_HUMAN"
"sp|Q96C36|P5CR2_HUMAN"
"sp|Q96CP2|FWCH2_HUMAN"
"sp|Q96CT7|CC124_HUMAN"
"sp|Q96CW1|AP2M1_HUMAN"
"sp|Q96CX2|KCD12_HUMAN"
"sp|Q96DV4|RM38_HUMAN"
"sp|Q96EE3|SEH1_HUMAN"
"sp|Q96EP5|DAZP1_HUMAN"
"sp|Q96FQ6|S10AG_HUMAN"
"sp|Q96FW1|OTUB1_HUMAN"
"sp|Q96G23|CERS2_HUMAN"
"sp|Q96HC4|PDLI5_HUMAN"
"sp|Q96HE7|ERO1A_HUMAN"
"sp|Q96HS1|PGAM5_HUMAN"
"sp|Q96I24|FUBP3_HUMAN"
"sp|Q96I99|SUCB2_HUMAN"
"sp|Q96IX5|USMG5_HUMAN"
"sp|Q96J01|THOC3_HUMAN"
"sp|Q96JI7|SPTCS_HUMAN"
"sp|Q96K17|BT3L4_HUMAN"
"sp|Q96KA5|CLP1L_HUMAN"
"sp|Q96KB5|TOPK_HUMAN"
"sp|Q96KP4|CNDP2_HUMAN"
"sp|Q96N66|MBOA7_HUMAN"
"sp|Q96P70|IPO9_HUMAN"
"sp|Q96PK6|RBM14_HUMAN"
"sp|Q96QK1|VPS35_HUMAN"
"sp|Q96RP9|EFGM_HUMAN"
"sp|Q96RS6|NUDC1_HUMAN"
"sp|Q96S19|CP013_HUMAN"
"sp|Q96TA1|NIBL1_HUMAN"
"sp|Q96TC7|RMD3_HUMAN"
"sp|Q99426|TBCB_HUMAN"
"sp|Q99436|PSB7_HUMAN"
"sp|Q99453|PHX2B_HUMAN"
"sp|Q99456|K1C12_HUMAN"
"sp|Q99459|CDC5L_HUMAN"
"sp|Q99460|PSMD1_HUMAN"
"sp|Q99471|PFD5_HUMAN"
"sp|Q99497|PARK7_HUMAN"
"sp|Q99536|VAT1_HUMAN"
"sp|Q99550|MPP9_HUMAN"
"sp|Q99567|NUP88_HUMAN"
"sp|Q99584|S10AD_HUMAN"
"sp|Q99623|PHB2_HUMAN"
"sp|Q99643|C560_HUMAN"
"sp|Q99714|HCD2_HUMAN"
"sp|Q99720|SGMR1_HUMAN"
"sp|Q99729|ROAA_HUMAN"
"sp|Q99733|NP1L4_HUMAN"
"sp|Q99798|ACON_HUMAN"
"sp|Q99805|TM9S2_HUMAN"
"sp|Q99829|CPNE1_HUMAN"
"sp|Q99832|TCPH_HUMAN"
"sp|Q99848|EBP2_HUMAN"
"sp|Q99873|ANM1_HUMAN"
"sp|Q99961|SH3G1_HUMAN"
"sp|Q9BPX3|CND3_HUMAN"
"sp|Q9BPX5|ARP5L_HUMAN"
"sp|Q9BQ39|DDX50_HUMAN"
"sp|Q9BQ61|CS043_HUMAN"
"sp|Q9BQ67|GRWD1_HUMAN"
"sp|Q9BQ69|MACD1_HUMAN"
"sp|Q9BQB6|VKOR1_HUMAN"
"sp|Q9BQE3|TBA1C_HUMAN"
"sp|Q9BQG0|MBB1A_HUMAN"
"sp|Q9BR76|COR1B_HUMAN"
"sp|Q9BRA2|TXD17_HUMAN"
"sp|Q9BRG2|SH23A_HUMAN"
"sp|Q9BRJ6|CG050_HUMAN"
"sp|Q9BS26|ERP44_HUMAN"
"sp|Q9BSJ8|ESYT1_HUMAN"
"sp|Q9BSW2|EFC4B_HUMAN"
"sp|Q9BT78|CSN4_HUMAN"
"sp|Q9BTT0|AN32E_HUMAN"
"sp|Q9BTV4|TMM43_HUMAN"
"sp|Q9BUF5|TBB6_HUMAN"
"sp|Q9BUJ2|HNRL1_HUMAN"
"sp|Q9BUL8|PDC10_HUMAN"
"sp|Q9BUQ8|DDX23_HUMAN"
"sp|Q9BV20|MTNA_HUMAN"
"sp|Q9BV86|NTM1A_HUMAN"
"sp|Q9BVC6|TM109_HUMAN"
"sp|Q9BVK6|TMED9_HUMAN"
"sp|Q9BVP2|GNL3_HUMAN"
"sp|Q9BWD1|THIC_HUMAN"
"sp|Q9BWM7|SFXN3_HUMAN"
"sp|Q9BXJ9|NAA15_HUMAN"
"sp|Q9BXP5|SRRT_HUMAN"
"sp|Q9BY44|EIF2A_HUMAN"
"sp|Q9BYT8|NEUL_HUMAN"
"sp|Q9BYX7|ACTBM_HUMAN"
"sp|Q9BZE4|NOG1_HUMAN"
"sp|Q9BZK3|NACP1_HUMAN"
"sp|Q9BZZ5|API5_HUMAN"
"sp|Q9GZP8|IMUP_HUMAN"
"sp|Q9GZT3|SLIRP_HUMAN"
"sp|Q9GZT8|GTPC1_HUMAN"
"sp|Q9GZY8|MFF_HUMAN"
"sp|Q9H074|PAIP1_HUMAN"
"sp|Q9H0A0|NAT10_HUMAN"
"sp|Q9H0S4|DDX47_HUMAN"
"sp|Q9H0U3|MAGT1_HUMAN"
"sp|Q9H0U4|RAB1B_HUMAN"
"sp|Q9H115|SNAB_HUMAN"
"sp|Q9H299|SH3L3_HUMAN"
"sp|Q9H2U2|IPYR2_HUMAN"
"sp|Q9H307|PININ_HUMAN"
"sp|Q9H3N1|TMX1_HUMAN"
"sp|Q9H3P2|NELFA_HUMAN"
"sp|Q9H444|CHM4B_HUMAN"
"sp|Q9H4A4|AMPB_HUMAN"
"sp|Q9H4B7|TBB1_HUMAN"
"sp|Q9H583|HEAT1_HUMAN"
"sp|Q9H7E9|CH033_HUMAN"
"sp|Q9H7Z7|PGES2_HUMAN"
"sp|Q9H9B4|SFXN1_HUMAN"
"sp|Q9HAH1|ZN556_HUMAN"
"sp|Q9HB40|RISC_HUMAN"
"sp|Q9HB71|CYBP_HUMAN"
"sp|Q9HC38|GLOD4_HUMAN"
"sp|Q9HCC0|MCCB_HUMAN"
"sp|Q9HCE1|MOV10_HUMAN"
"sp|Q9HD45|TM9S3_HUMAN"
"sp|Q9HDC9|APMAP_HUMAN"
"sp|Q9NPD3|EXOS4_HUMAN"
"sp|Q9NPJ3|ACO13_HUMAN"
"sp|Q9NQC3|RTN4_HUMAN"
"sp|Q9NQG5|RPR1B_HUMAN"
"sp|Q9NQP4|PFD4_HUMAN"
"sp|Q9NQR4|NIT2_HUMAN"
"sp|Q9NR28|DBLOH_HUMAN"
"sp|Q9NR30|DDX21_HUMAN"
"sp|Q9NR31|SAR1A_HUMAN"
"sp|Q9NR45|SIAS_HUMAN"
"sp|Q9NRP0|OSTC_HUMAN"
"sp|Q9NRX4|PHP14_HUMAN"
"sp|Q9NS39|RED2_HUMAN"
"sp|Q9NS69|TOM22_HUMAN"
"sp|Q9NSB2|KRT84_HUMAN"
"sp|Q9NSD9|SYFB_HUMAN"
"sp|Q9NSE4|SYIM_HUMAN"
"sp|Q9NTJ3|SMC4_HUMAN"
"sp|Q9NTK5|OLA1_HUMAN"
"sp|Q9NUJ1|ABHDA_HUMAN"
"sp|Q9NUP9|LIN7C_HUMAN"
"sp|Q9NUU7|DD19A_HUMAN"
"sp|Q9NVA2|SEP11_HUMAN"
"sp|Q9NVI7|ATD3A_HUMAN"
"sp|Q9NVJ2|ARL8B_HUMAN"
"sp|Q9NVP1|DDX18_HUMAN"
"sp|Q9NWU5|RM22_HUMAN"
"sp|Q9NX24|NHP2_HUMAN"
"sp|Q9NX63|CHCH3_HUMAN"
"sp|Q9NX77|ENK14_HUMAN"
"sp|Q9NXF1|TEX10_HUMAN"
"sp|Q9NXH9|TRM1_HUMAN"
"sp|Q9NXR7|BRE_HUMAN"
"sp|Q9NY12|GAR1_HUMAN"
"sp|Q9NYF8|BCLF1_HUMAN"
"sp|Q9NYL9|TMOD3_HUMAN"
"sp|Q9NYU2|UGGG1_HUMAN"
"sp|Q9NZ01|TECR_HUMAN"
"sp|Q9NZI8|IF2B1_HUMAN"
"sp|Q9NZJ7|MTCH1_HUMAN"
"sp|Q9NZL4|HPBP1_HUMAN"
"sp|Q9NZL9|MAT2B_HUMAN"
"sp|Q9NZM1|MYOF_HUMAN"
"sp|Q9NZN4|EHD2_HUMAN"
"sp|Q9P003|CNIH4_HUMAN"
"sp|Q9P035|HACD3_HUMAN"
"sp|Q9P0L0|VAPA_HUMAN"
"sp|Q9P258|RCC2_HUMAN"
"sp|Q9P287|BCCIP_HUMAN"
"sp|Q9P289|MST4_HUMAN"
"sp|Q9P2B2|FPRP_HUMAN"
"sp|Q9P2E9|RRBP1_HUMAN"
"sp|Q9P2J5|SYLC_HUMAN"
"sp|Q9P2P5|HECW2_HUMAN"
"sp|Q9P2R7|SUCB1_HUMAN"
"sp|Q9P2X0|DPM3_HUMAN"
"sp|Q9TNN7|1C05_HUMAN"
"sp|Q9UBB4|ATX10_HUMAN"
"sp|Q9UBE0|SAE1_HUMAN"
"sp|Q9UBI6|GBG12_HUMAN"
"sp|Q9UBM7|DHCR7_HUMAN"
"sp|Q9UBQ7|GRHPR_HUMAN"
"sp|Q9UBR2|CATZ_HUMAN"
"sp|Q9UBS4|DJB11_HUMAN"
"sp|Q9UBT2|SAE2_HUMAN"
"sp|Q9UBV8|PEF1_HUMAN"
"sp|Q9UBX3|DIC_HUMAN"
"sp|Q9UG63|ABCF2_HUMAN"
"sp|Q9UGI8|TES_HUMAN"
"sp|Q9UGP8|SEC63_HUMAN"
"sp|Q9UHA4|LTOR3_HUMAN"
"sp|Q9UHB9|SRP68_HUMAN"
"sp|Q9UHD8|SEPT9_HUMAN"
"sp|Q9UHD9|UBQL2_HUMAN"
"sp|Q9UHG3|PCYOX_HUMAN"
"sp|Q9UHV9|PFD2_HUMAN"
"sp|Q9UHX1|PUF60_HUMAN"
"sp|Q9UI30|TR112_HUMAN"
"sp|Q9UIG0|BAZ1B_HUMAN"
"sp|Q9UII2|ATIF1_HUMAN"
"sp|Q9UIJ7|KAD3_HUMAN"
"sp|Q9UJ72|ANX10_HUMAN"
"sp|Q9UJS0|CMC2_HUMAN"
"sp|Q9UJZ1|STML2_HUMAN"
"sp|Q9UK45|LSM7_HUMAN"
"sp|Q9UKA9|PTBP2_HUMAN"
"sp|Q9UKD2|MRT4_HUMAN"
"sp|Q9UKK9|NUDT5_HUMAN"
"sp|Q9UKM9|RALY_HUMAN"
"sp|Q9UKS6|PACN3_HUMAN"
"sp|Q9UKX3|MYH13_HUMAN"
"sp|Q9UKY7|CDV3_HUMAN"
"sp|Q9UL25|RAB21_HUMAN"
"sp|Q9UL46|PSME2_HUMAN"
"sp|Q9ULC4|MCTS1_HUMAN"
"sp|Q9ULV4|COR1C_HUMAN"
"sp|Q9ULX3|NOB1_HUMAN"
"sp|Q9UM00|TMCO1_HUMAN"
"sp|Q9UMS4|PRP19_HUMAN"
"sp|Q9UMX0|UBQL1_HUMAN"
"sp|Q9UMY4|SNX12_HUMAN"
"sp|Q9UN86|G3BP2_HUMAN"
"sp|Q9UNE7|CHIP_HUMAN"
"sp|Q9UNF1|MAGD2_HUMAN"
"sp|Q9UNL2|SSRG_HUMAN"
"sp|Q9UNM6|PSD13_HUMAN"
"sp|Q9UNS2|CSN3_HUMAN"
"sp|Q9UNX4|WDR3_HUMAN"
"sp|Q9UPQ0|LIMC1_HUMAN"
"sp|Q9UQ35|SRRM2_HUMAN"
"sp|Q9UQ80|PA2G4_HUMAN"
"sp|Q9UQE7|SMC3_HUMAN"
"sp|Q9Y224|CN166_HUMAN"
"sp|Q9Y230|RUVB2_HUMAN"
"sp|Q9Y238|DLEC1_HUMAN"
"sp|Q9Y262|EIF3L_HUMAN"
"sp|Q9Y265|RUVB1_HUMAN"
"sp|Q9Y266|NUDC_HUMAN"
"sp|Q9Y277|VDAC3_HUMAN"
"sp|Q9Y281|COF2_HUMAN"
"sp|Q9Y282|ERGI3_HUMAN"
"sp|Q9Y285|SYFA_HUMAN"
"sp|Q9Y295|DRG1_HUMAN"
"sp|Q9Y2B0|CNPY2_HUMAN"
"sp|Q9Y2L1|RRP44_HUMAN"
"sp|Q9Y2R5|RT17_HUMAN"
"sp|Q9Y2S6|TMA7_HUMAN"
"sp|Q9Y2T2|AP3M1_HUMAN"
"sp|Q9Y2T3|GUAD_HUMAN"
"sp|Q9Y2V2|CHSP1_HUMAN"
"sp|Q9Y2W1|TR150_HUMAN"
"sp|Q9Y2X3|NOP58_HUMAN"
"sp|Q9Y2Z0|SUGT1_HUMAN"
"sp|Q9Y305|ACOT9_HUMAN"
"sp|Q9Y376|CAB39_HUMAN"
"sp|Q9Y383|LC7L2_HUMAN"
"sp|Q9Y3A5|SBDS_HUMAN"
"sp|Q9Y3B3|TMED7_HUMAN"
"sp|Q9Y3B4|PM14_HUMAN"
"sp|Q9Y3D6|FIS1_HUMAN"
"sp|Q9Y3D9|RT23_HUMAN"
"sp|Q9Y3E0|GOT1B_HUMAN"
"sp|Q9Y3E5|PTH2_HUMAN"
"sp|Q9Y3F4|STRAP_HUMAN"
"sp|Q9Y3I0|RTCB_HUMAN"
"sp|Q9Y3T9|NOC2L_HUMAN"
"sp|Q9Y3U8|RL36_HUMAN"
"sp|Q9Y3Y2|CHTOP_HUMAN"
"sp|Q9Y490|TLN1_HUMAN"
"sp|Q9Y4L1|HYOU1_HUMAN"
"sp|Q9Y570|PPME1_HUMAN"
"sp|Q9Y5A9|YTHD2_HUMAN"
"sp|Q9Y5B9|SP16H_HUMAN"
"sp|Q9Y5K5|UCHL5_HUMAN"
"sp|Q9Y5L4|TIM13_HUMAN"
"sp|Q9Y5M8|SRPRB_HUMAN"
"sp|Q9Y5S9|RBM8A_HUMAN"
"sp|Q9Y5X1|SNX9_HUMAN"
"sp|Q9Y617|SERC_HUMAN"
"sp|Q9Y678|COPG1_HUMAN"
"sp|Q9Y6C9|MTCH2_HUMAN"
"sp|Q9Y6E2|BZW2_HUMAN"
"sp|Q9Y6H1|CHCH2_HUMAN"
"sp|Q9Y6M5|ZNT1_HUMAN"
"sp|Q9Y6M9|NDUB9_HUMAN"
"tr|C8Z3F1|C8Z3F1_YEAS8"
"tr|C8Z3F6|C8Z3F6_YEAS8"
"tr|C8Z3H3|C8Z3H3_YEAS8"
"tr|C8Z3H5|C8Z3H5_YEAS8"
"tr|C8Z3H9|C8Z3H9_YEAS8"
"tr|C8Z3I1|C8Z3I1_YEAS8"
"tr|C8Z3I5|C8Z3I5_YEAS8"
"tr|C8Z3K4|C8Z3K4_YEAS8"
"tr|C8Z3L8|C8Z3L8_YEAS8"
"tr|C8Z3M7|C8Z3M7_YEAS8"
"tr|C8Z3P9|C8Z3P9_YEAS8"
"tr|C8Z3Q3|C8Z3Q3_YEAS8"
"tr|C8Z3Q9|C8Z3Q9_YEAS8"
"tr|C8Z3R8|C8Z3R8_YEAS8"
"tr|C8Z3S1|C8Z3S1_YEAS8"
"tr|C8Z3T2|C8Z3T2_YEAS8"
"tr|C8Z3U3|C8Z3U3_YEAS8"
"tr|C8Z3V2|C8Z3V2_YEAS8"
"tr|C8Z3V8|C8Z3V8_YEAS8"
"tr|C8Z3W6|C8Z3W6_YEAS8"
"tr|C8Z3W9|C8Z3W9_YEAS8"
"tr|C8Z3Y1|C8Z3Y1_YEAS8"
"tr|C8Z3Z5|C8Z3Z5_YEAS8"
"tr|C8Z3Z6|C8Z3Z6_YEAS8"
"tr|C8Z404|C8Z404_YEAS8"
"tr|C8Z405|C8Z405_YEAS8"
"tr|C8Z406|C8Z406_YEAS8"
"tr|C8Z419|C8Z419_YEAS8"
"tr|C8Z439|C8Z439_YEAS8"
"tr|C8Z447|C8Z447_YEAS8"
"tr|C8Z449|C8Z449_YEAS8"
"tr|C8Z454|C8Z454_YEAS8"
"tr|C8Z476|C8Z476_YEAS8"
"tr|C8Z489|C8Z489_YEAS8"
"tr|C8Z493|C8Z493_YEAS8"
"tr|C8Z496|C8Z496_YEAS8"
"tr|C8Z499|C8Z499_YEAS8"
"tr|C8Z4C1|C8Z4C1_YEAS8"
"tr|C8Z4E5|C8Z4E5_YEAS8"
"tr|C8Z4H0|C8Z4H0_YEAS8"
"tr|C8Z4H5|C8Z4H5_YEAS8"
"tr|C8Z4J5|C8Z4J5_YEAS8"
"tr|C8Z4K3|C8Z4K3_YEAS8"
"tr|C8Z4K8|C8Z4K8_YEAS8"
"tr|C8Z4L4|C8Z4L4_YEAS8"
"tr|C8Z4L7|C8Z4L7_YEAS8"
"tr|C8Z4P8|C8Z4P8_YEAS8"
"tr|C8Z4Q5|C8Z4Q5_YEAS8"
"tr|C8Z4R3|C8Z4R3_YEAS8"
"tr|C8Z4S1|C8Z4S1_YEAS8"
"tr|C8Z4T1|C8Z4T1_YEAS8"
"tr|C8Z4U3|C8Z4U3_YEAS8"
"tr|C8Z4U5|C8Z4U5_YEAS8"
"tr|C8Z4V2|C8Z4V2_YEAS8"
"tr|C8Z4V3|C8Z4V3_YEAS8"
"tr|C8Z4V7|C8Z4V7_YEAS8"
"tr|C8Z4V9|C8Z4V9_YEAS8"
"tr|C8Z4W0|C8Z4W0_YEAS8"
"tr|C8Z4W9|C8Z4W9_YEAS8"
"tr|C8Z4Y3|C8Z4Y3_YEAS8"
"tr|C8Z4Y9|C8Z4Y9_YEAS8"
"tr|C8Z4Z2|C8Z4Z2_YEAS8"
"tr|C8Z504|C8Z504_YEAS8"
"tr|C8Z509|C8Z509_YEAS8"
"tr|C8Z516|C8Z516_YEAS8"
"tr|C8Z545|C8Z545_YEAS8"
"tr|C8Z564|C8Z564_YEAS8"
"tr|C8Z570|C8Z570_YEAS8"
"tr|C8Z573|C8Z573_YEAS8"
"tr|C8Z586|C8Z586_YEAS8"
"tr|C8Z590|C8Z590_YEAS8"
"tr|C8Z5A3|C8Z5A3_YEAS8"
"tr|C8Z5A5|C8Z5A5_YEAS8"
"tr|C8Z5C7|C8Z5C7_YEAS8"
"tr|C8Z5D7|C8Z5D7_YEAS8"
"tr|C8Z5E4|C8Z5E4_YEAS8"
"tr|C8Z5E9|C8Z5E9_YEAS8"
"tr|C8Z5H0|C8Z5H0_YEAS8"
"tr|C8Z5L0|C8Z5L0_YEAS8"
"tr|C8Z5L5|C8Z5L5_YEAS8"
"tr|C8Z5N5|C8Z5N5_YEAS8"
"tr|C8Z5Q2|C8Z5Q2_YEAS8"
"tr|C8Z5Q6|C8Z5Q6_YEAS8"
"tr|C8Z5R4|C8Z5R4_YEAS8"
"tr|C8Z5S9|C8Z5S9_YEAS8"
"tr|C8Z5U0|C8Z5U0_YEAS8"
"tr|C8Z5U5|C8Z5U5_YEAS8"
"tr|C8Z5U7|C8Z5U7_YEAS8"
"tr|C8Z5U9|C8Z5U9_YEAS8"
"tr|C8Z5V8|C8Z5V8_YEAS8"
"tr|C8Z5Y0|C8Z5Y0_YEAS8"
"tr|C8Z5Y8|C8Z5Y8_YEAS8"
"tr|C8Z5Z0|C8Z5Z0_YEAS8"
"tr|C8Z5Z3|C8Z5Z3_YEAS8"
"tr|C8Z605|C8Z605_YEAS8"
"tr|C8Z608|C8Z608_YEAS8"
"tr|C8Z612|C8Z612_YEAS8"
"tr|C8Z630|C8Z630_YEAS8"
"tr|C8Z657|C8Z657_YEAS8"
"tr|C8Z659|C8Z659_YEAS8"
"tr|C8Z666|C8Z666_YEAS8"
"tr|C8Z669|C8Z669_YEAS8"
"tr|C8Z672|C8Z672_YEAS8"
"tr|C8Z689|C8Z689_YEAS8"
"tr|C8Z6B2|C8Z6B2_YEAS8"
"tr|C8Z6B9|C8Z6B9_YEAS8"
"tr|C8Z6C2|C8Z6C2_YEAS8"
"tr|C8Z6D5|C8Z6D5_YEAS8"
"tr|C8Z6F7|C8Z6F7_YEAS8"
"tr|C8Z6F9|C8Z6F9_YEAS8"
"tr|C8Z6G5|C8Z6G5_YEAS8"
"tr|C8Z6G7|C8Z6G7_YEAS8"
"tr|C8Z6H2|C8Z6H2_YEAS8"
"tr|C8Z6H4|C8Z6H4_YEAS8"
"tr|C8Z6H7|C8Z6H7_YEAS8"
"tr|C8Z6H8|C8Z6H8_YEAS8"
"tr|C8Z6H9|C8Z6H9_YEAS8"
"tr|C8Z6K4|C8Z6K4_YEAS8"
"tr|C8Z6K7|C8Z6K7_YEAS8"
"tr|C8Z6K9|C8Z6K9_YEAS8"
"tr|C8Z6L7|C8Z6L7_YEAS8"
"tr|C8Z6M0|C8Z6M0_YEAS8"
"tr|C8Z6M1|C8Z6M1_YEAS8"
"tr|C8Z6M2|C8Z6M2_YEAS8"
"tr|C8Z6M3|C8Z6M3_YEAS8"
"tr|C8Z6T1|C8Z6T1_YEAS8"
"tr|C8Z6U2|C8Z6U2_YEAS8"
"tr|C8Z6U7|C8Z6U7_YEAS8"
"tr|C8Z6U8|C8Z6U8_YEAS8"
"tr|C8Z6V7|C8Z6V7_YEAS8"
"tr|C8Z6W1|C8Z6W1_YEAS8"
"tr|C8Z6X0|C8Z6X0_YEAS8"
"tr|C8Z6X1|C8Z6X1_YEAS8"
"tr|C8Z6X3|C8Z6X3_YEAS8"
"tr|C8Z6X7|C8Z6X7_YEAS8"
"tr|C8Z6Y7|C8Z6Y7_YEAS8"
"tr|C8Z6Z7|C8Z6Z7_YEAS8"
"tr|C8Z702|C8Z702_YEAS8"
"tr|C8Z709|C8Z709_YEAS8"
"tr|C8Z712|C8Z712_YEAS8"
"tr|C8Z722|C8Z722_YEAS8"
"tr|C8Z724|C8Z724_YEAS8"
"tr|C8Z727|C8Z727_YEAS8"
"tr|C8Z738|C8Z738_YEAS8"
"tr|C8Z745|C8Z745_YEAS8"
"tr|C8Z746|C8Z746_YEAS8"
"tr|C8Z747|C8Z747_YEAS8"
"tr|C8Z752|C8Z752_YEAS8"
"tr|C8Z753|C8Z753_YEAS8"
"tr|C8Z756|C8Z756_YEAS8"
"tr|C8Z760|C8Z760_YEAS8"
"tr|C8Z762|C8Z762_YEAS8"
"tr|C8Z763|C8Z763_YEAS8"
"tr|C8Z768|C8Z768_YEAS8"
"tr|C8Z777|C8Z777_YEAS8"
"tr|C8Z782|C8Z782_YEAS8"
"tr|C8Z793|C8Z793_YEAS8"
"tr|C8Z799|C8Z799_YEAS8"
"tr|C8Z7A6|C8Z7A6_YEAS8"
"tr|C8Z7A8|C8Z7A8_YEAS8"
"tr|C8Z7B3|C8Z7B3_YEAS8"
"tr|C8Z7C1|C8Z7C1_YEAS8"
"tr|C8Z7C8|C8Z7C8_YEAS8"
"tr|C8Z7D7|C8Z7D7_YEAS8"
"tr|C8Z7D9|C8Z7D9_YEAS8"
"tr|C8Z7F0|C8Z7F0_YEAS8"
"tr|C8Z7F6|C8Z7F6_YEAS8"
"tr|C8Z7I7|C8Z7I7_YEAS8"
"tr|C8Z7K1|C8Z7K1_YEAS8"
"tr|C8Z7K2|C8Z7K2_YEAS8"
"tr|C8Z7N7|C8Z7N7_YEAS8"
"tr|C8Z7P3|C8Z7P3_YEAS8"
"tr|C8Z7P4|C8Z7P4_YEAS8"
"tr|C8Z7P5|C8Z7P5_YEAS8"
"tr|C8Z7R1|C8Z7R1_YEAS8"
"tr|C8Z7R5|C8Z7R5_YEAS8"
"tr|C8Z7S0|C8Z7S0_YEAS8"
"tr|C8Z7T0|C8Z7T0_YEAS8"
"tr|C8Z7T7|C8Z7T7_YEAS8"
"tr|C8Z7U2|C8Z7U2_YEAS8"
"tr|C8Z7V9|C8Z7V9_YEAS8"
"tr|C8Z7W6|C8Z7W6_YEAS8"
"tr|C8Z7X0|C8Z7X0_YEAS8"
"tr|C8Z7X9|C8Z7X9_YEAS8"
"tr|C8Z7Y5|C8Z7Y5_YEAS8"
"tr|C8Z7Y9|C8Z7Y9_YEAS8"
"tr|C8Z805|C8Z805_YEAS8"
"tr|C8Z813|C8Z813_YEAS8"
"tr|C8Z821|C8Z821_YEAS8"
"tr|C8Z845|C8Z845_YEAS8"
"tr|C8Z849|C8Z849_YEAS8"
"tr|C8Z853|C8Z853_YEAS8"
"tr|C8Z857|C8Z857_YEAS8"
"tr|C8Z862|C8Z862_YEAS8"
"tr|C8Z8A2|C8Z8A2_YEAS8"
"tr|C8Z8A3|C8Z8A3_YEAS8"
"tr|C8Z8B3|C8Z8B3_YEAS8"
"tr|C8Z8B5|C8Z8B5_YEAS8"
"tr|C8Z8C7|C8Z8C7_YEAS8"
"tr|C8Z8E3|C8Z8E3_YEAS8"
"tr|C8Z8E5|C8Z8E5_YEAS8"
"tr|C8Z8G9|C8Z8G9_YEAS8"
"tr|C8Z8H1|C8Z8H1_YEAS8"
"tr|C8Z8H8|C8Z8H8_YEAS8"
"tr|C8Z8J2|C8Z8J2_YEAS8"
"tr|C8Z8J3|C8Z8J3_YEAS8"
"tr|C8Z8J6|C8Z8J6_YEAS8"
"tr|C8Z8K3|C8Z8K3_YEAS8"
"tr|C8Z8K6|C8Z8K6_YEAS8"
"tr|C8Z8L1|C8Z8L1_YEAS8"
"tr|C8Z8L2|C8Z8L2_YEAS8"
"tr|C8Z8L6|C8Z8L6_YEAS8"
"tr|C8Z8N1|C8Z8N1_YEAS8"
"tr|C8Z8N2|C8Z8N2_YEAS8"
"tr|C8Z8N4|C8Z8N4_YEAS8"
"tr|C8Z8N5|C8Z8N5_YEAS8"
"tr|C8Z8N9|C8Z8N9_YEAS8"
"tr|C8Z8P4|C8Z8P4_YEAS8"
"tr|C8Z8S1|C8Z8S1_YEAS8"
"tr|C8Z8S9|C8Z8S9_YEAS8"
"tr|C8Z8T3|C8Z8T3_YEAS8"
"tr|C8Z8T9|C8Z8T9_YEAS8"
"tr|C8Z8U8|C8Z8U8_YEAS8"
"tr|C8Z8X9|C8Z8X9_YEAS8"
"tr|C8Z8Y0|C8Z8Y0_YEAS8"
"tr|C8Z8Y1|C8Z8Y1_YEAS8"
"tr|C8Z8Y8|C8Z8Y8_YEAS8"
"tr|C8Z917|C8Z917_YEAS8"
"tr|C8Z925|C8Z925_YEAS8"
"tr|C8Z942|C8Z942_YEAS8"
"tr|C8Z949|C8Z949_YEAS8"
"tr|C8Z953|C8Z953_YEAS8"
"tr|C8Z962|C8Z962_YEAS8"
"tr|C8Z972|C8Z972_YEAS8"
"tr|C8Z975|C8Z975_YEAS8"
"tr|C8Z978|C8Z978_YEAS8"
"tr|C8Z982|C8Z982_YEAS8"
"tr|C8Z985|C8Z985_YEAS8"
"tr|C8Z996|C8Z996_YEAS8"
"tr|C8Z9A2|C8Z9A2_YEAS8"
"tr|C8Z9A4|C8Z9A4_YEAS8"
"tr|C8Z9A6|C8Z9A6_YEAS8"
"tr|C8Z9B0|C8Z9B0_YEAS8"
"tr|C8Z9C3|C8Z9C3_YEAS8"
"tr|C8Z9C6|C8Z9C6_YEAS8"
"tr|C8Z9D1|C8Z9D1_YEAS8"
"tr|C8Z9E5|C8Z9E5_YEAS8"
"tr|C8Z9E6|C8Z9E6_YEAS8"
"tr|C8Z9E8|C8Z9E8_YEAS8"
"tr|C8Z9F6|C8Z9F6_YEAS8"
"tr|C8Z9H2|C8Z9H2_YEAS8"
"tr|C8Z9H5|C8Z9H5_YEAS8"
"tr|C8Z9H7|C8Z9H7_YEAS8"
"tr|C8Z9H8|C8Z9H8_YEAS8"
"tr|C8Z9K2|C8Z9K2_YEAS8"
"tr|C8Z9K6|C8Z9K6_YEAS8"
"tr|C8Z9N2|C8Z9N2_YEAS8"
"tr|C8Z9N4|C8Z9N4_YEAS8"
"tr|C8Z9P7|C8Z9P7_YEAS8"
"tr|C8Z9X5|C8Z9X5_YEAS8"
"tr|C8Z9Y9|C8Z9Y9_YEAS8"
"tr|C8Z9Z2|C8Z9Z2_YEAS8"
"tr|C8ZA04|C8ZA04_YEAS8"
"tr|C8ZA09|C8ZA09_YEAS8"
"tr|C8ZA29|C8ZA29_YEAS8"
"tr|C8ZA30|C8ZA30_YEAS8"
"tr|C8ZA43|C8ZA43_YEAS8"
"tr|C8ZA51|C8ZA51_YEAS8"
"tr|C8ZA65|C8ZA65_YEAS8"
"tr|C8ZA67|C8ZA67_YEAS8"
"tr|C8ZA75|C8ZA75_YEAS8"
"tr|C8ZA85|C8ZA85_YEAS8"
"tr|C8ZA86|C8ZA86_YEAS8"
"tr|C8ZA87|C8ZA87_YEAS8"
"tr|C8ZA95|C8ZA95_YEAS8"
"tr|C8ZAA7|C8ZAA7_YEAS8"
"tr|C8ZAB0|C8ZAB0_YEAS8"
"tr|C8ZAB3|C8ZAB3_YEAS8"
"tr|C8ZAC2|C8ZAC2_YEAS8"
"tr|C8ZAC8|C8ZAC8_YEAS8"
"tr|C8ZAF6|C8ZAF6_YEAS8"
"tr|C8ZAG7|C8ZAG7_YEAS8"
"tr|C8ZAH0|C8ZAH0_YEAS8"
"tr|C8ZAI6|C8ZAI6_YEAS8"
"tr|C8ZAJ3|C8ZAJ3_YEAS8"
"tr|C8ZAJ5|C8ZAJ5_YEAS8"
"tr|C8ZAK5|C8ZAK5_YEAS8"
"tr|C8ZAL3|C8ZAL3_YEAS8"
"tr|C8ZAU0|C8ZAU0_YEAS8"
"tr|C8ZAW5|C8ZAW5_YEAS8"
"tr|C8ZAX1|C8ZAX1_YEAS8"
"tr|C8ZAX5|C8ZAX5_YEAS8"
"tr|C8ZAY1|C8ZAY1_YEAS8"
"tr|C8ZAY8|C8ZAY8_YEAS8"
"tr|C8ZB29|C8ZB29_YEAS8"
"tr|C8ZB38|C8ZB38_YEAS8"
"tr|C8ZB42|C8ZB42_YEAS8"
"tr|C8ZB47|C8ZB47_YEAS8"
"tr|C8ZB52|C8ZB52_YEAS8"
"tr|C8ZB60|C8ZB60_YEAS8"
"tr|C8ZB82|C8ZB82_YEAS8"
"tr|C8ZB87|C8ZB87_YEAS8"
"tr|C8ZB96|C8ZB96_YEAS8"
"tr|C8ZBA6|C8ZBA6_YEAS8"
"tr|C8ZBD2|C8ZBD2_YEAS8"
"tr|C8ZBE7|C8ZBE7_YEAS8"
"tr|C8ZBG2|C8ZBG2_YEAS8"
"tr|C8ZBG4|C8ZBG4_YEAS8"
"tr|C8ZBH9|C8ZBH9_YEAS8"
"tr|C8ZBI7|C8ZBI7_YEAS8"
"tr|C8ZBJ7|C8ZBJ7_YEAS8"
"tr|C8ZBJ8|C8ZBJ8_YEAS8"
"tr|C8ZBJ9|C8ZBJ9_YEAS8"
"tr|C8ZBK3|C8ZBK3_YEAS8"
"tr|C8ZBL2|C8ZBL2_YEAS8"
"tr|C8ZBL3|C8ZBL3_YEAS8"
"tr|C8ZBL6|C8ZBL6_YEAS8"
"tr|C8ZBL8|C8ZBL8_YEAS8"
"tr|C8ZBM4|C8ZBM4_YEAS8"
"tr|C8ZBP1|C8ZBP1_YEAS8"
"tr|C8ZBQ0|C8ZBQ0_YEAS8"
"tr|C8ZBQ1|C8ZBQ1_YEAS8"
"tr|C8ZBQ2|C8ZBQ2_YEAS8"
"tr|C8ZBQ7|C8ZBQ7_YEAS8"
"tr|C8ZBR9|C8ZBR9_YEAS8"
"tr|C8ZBS1|C8ZBS1_YEAS8"
"tr|C8ZBT8|C8ZBT8_YEAS8"
"tr|C8ZBW9|C8ZBW9_YEAS8"
"tr|C8ZBX0|C8ZBX0_YEAS8"
"tr|C8ZBY1|C8ZBY1_YEAS8"
"tr|C8ZBZ3|C8ZBZ3_YEAS8"
"tr|C8ZBZ5|C8ZBZ5_YEAS8"
"tr|C8ZC17|C8ZC17_YEAS8"
"tr|C8ZC18|C8ZC18_YEAS8"
"tr|C8ZC23|C8ZC23_YEAS8"
"tr|C8ZC24|C8ZC24_YEAS8"
"tr|C8ZC25|C8ZC25_YEAS8"
"tr|C8ZC27|C8ZC27_YEAS8"
"tr|C8ZC29|C8ZC29_YEAS8"
"tr|C8ZC33|C8ZC33_YEAS8"
"tr|C8ZC58|C8ZC58_YEAS8"
"tr|C8ZC71|C8ZC71_YEAS8"
"tr|C8ZC72|C8ZC72_YEAS8"
"tr|C8ZC79|C8ZC79_YEAS8"
"tr|C8ZC92|C8ZC92_YEAS8"
"tr|C8ZC93|C8ZC93_YEAS8"
"tr|C8ZCA5|C8ZCA5_YEAS8"
"tr|C8ZCB2|C8ZCB2_YEAS8"
"tr|C8ZCB6|C8ZCB6_YEAS8"
"tr|C8ZCD4|C8ZCD4_YEAS8"
"tr|C8ZCG7|C8ZCG7_YEAS8"
"tr|C8ZCL1|C8ZCL1_YEAS8"
"tr|C8ZCM2|C8ZCM2_YEAS8"
"tr|C8ZCM8|C8ZCM8_YEAS8"
"tr|C8ZCS5|C8ZCS5_YEAS8"
"tr|C8ZCS9|C8ZCS9_YEAS8"
"tr|C8ZCT3|C8ZCT3_YEAS8"
"tr|C8ZCU6|C8ZCU6_YEAS8"
"tr|C8ZCU8|C8ZCU8_YEAS8"
"tr|C8ZCV6|C8ZCV6_YEAS8"
"tr|C8ZCW5|C8ZCW5_YEAS8"
"tr|C8ZCZ9|C8ZCZ9_YEAS8"
"tr|C8ZD00|C8ZD00_YEAS8"
"tr|C8ZD01|C8ZD01_YEAS8"
"tr|C8ZD15|C8ZD15_YEAS8"
"tr|C8ZD16|C8ZD16_YEAS8"
"tr|C8ZD20|C8ZD20_YEAS8"
"tr|C8ZD28|C8ZD28_YEAS8"
"tr|C8ZD30|C8ZD30_YEAS8"
"tr|C8ZD32|C8ZD32_YEAS8"
"tr|C8ZD33|C8ZD33_YEAS8"
"tr|C8ZD46|C8ZD46_YEAS8"
"tr|C8ZD71|C8ZD71_YEAS8"
"tr|C8ZD80|C8ZD80_YEAS8"
"tr|C8ZD84|C8ZD84_YEAS8"
"tr|C8ZD89|C8ZD89_YEAS8"
"tr|C8ZDA3|C8ZDA3_YEAS8"
"tr|C8ZDC1|C8ZDC1_YEAS8"
"tr|C8ZDC4|C8ZDC4_YEAS8"
"tr|C8ZDE0|C8ZDE0_YEAS8"
"tr|C8ZDE8|C8ZDE8_YEAS8"
"tr|C8ZDF0|C8ZDF0_YEAS8"
"tr|C8ZDF6|C8ZDF6_YEAS8"
"tr|C8ZDF9|C8ZDF9_YEAS8"
"tr|C8ZDG3|C8ZDG3_YEAS8"
"tr|C8ZDH2|C8ZDH2_YEAS8"
"tr|C8ZDI0|C8ZDI0_YEAS8"
"tr|C8ZDJ3|C8ZDJ3_YEAS8"
"tr|C8ZDK7|C8ZDK7_YEAS8"
"tr|C8ZDL2|C8ZDL2_YEAS8"
"tr|C8ZDM0|C8ZDM0_YEAS8"
"tr|C8ZDM2|C8ZDM2_YEAS8"
"tr|C8ZDM6|C8ZDM6_YEAS8"
"tr|C8ZDM8|C8ZDM8_YEAS8"
"tr|C8ZDN4|C8ZDN4_YEAS8"
"tr|C8ZDQ1|C8ZDQ1_YEAS8"
"tr|C8ZDQ7|C8ZDQ7_YEAS8"
"tr|C8ZDR6|C8ZDR6_YEAS8"
"tr|C8ZDR7|C8ZDR7_YEAS8"
"tr|C8ZDT6|C8ZDT6_YEAS8"
"tr|C8ZDU5|C8ZDU5_YEAS8"
"tr|C8ZDU8|C8ZDU8_YEAS8"
"tr|C8ZDU9|C8ZDU9_YEAS8"
"tr|C8ZDV9|C8ZDV9_YEAS8"
"tr|C8ZDW1|C8ZDW1_YEAS8"
"tr|C8ZDW2|C8ZDW2_YEAS8"
"tr|C8ZDW6|C8ZDW6_YEAS8"
"tr|C8ZDY0|C8ZDY0_YEAS8"
"tr|C8ZDZ7|C8ZDZ7_YEAS8"
"tr|C8ZE00|C8ZE00_YEAS8"
"tr|C8ZE15|C8ZE15_YEAS8"
"tr|C8ZE40|C8ZE40_YEAS8"
"tr|C8ZE45|C8ZE45_YEAS8"
"tr|C8ZE49|C8ZE49_YEAS8"
"tr|C8ZE54|C8ZE54_YEAS8"
"tr|C8ZE55|C8ZE55_YEAS8"
"tr|C8ZE56|C8ZE56_YEAS8"
"tr|C8ZE57|C8ZE57_YEAS8"
"tr|C8ZE76|C8ZE76_YEAS8"
"tr|C8ZE78|C8ZE78_YEAS8"
"tr|C8ZE82|C8ZE82_YEAS8"
"tr|C8ZE96|C8ZE96_YEAS8"
"tr|C8ZEB8|C8ZEB8_YEAS8"
"tr|C8ZEB9|C8ZEB9_YEAS8"
"tr|C8ZEC3|C8ZEC3_YEAS8"
"tr|C8ZEC7|C8ZEC7_YEAS8"
"tr|C8ZED1|C8ZED1_YEAS8"
"tr|C8ZED2|C8ZED2_YEAS8"
"tr|C8ZED5|C8ZED5_YEAS8"
"tr|C8ZEE2|C8ZEE2_YEAS8"
"tr|C8ZEE7|C8ZEE7_YEAS8"
"tr|C8ZEF1|C8ZEF1_YEAS8"
"tr|C8ZEH6|C8ZEH6_YEAS8"
"tr|C8ZEJ9|C8ZEJ9_YEAS8"
"tr|C8ZEK3|C8ZEK3_YEAS8"
"tr|C8ZEK6|C8ZEK6_YEAS8"
"tr|C8ZEL8|C8ZEL8_YEAS8"
"tr|C8ZEM3|C8ZEM3_YEAS8"
"tr|C8ZES6|C8ZES6_YEAS8"
"tr|C8ZET2|C8ZET2_YEAS8"
"tr|C8ZET6|C8ZET6_YEAS8"
"tr|C8ZEV1|C8ZEV1_YEAS8"
"tr|C8ZEV7|C8ZEV7_YEAS8"
"tr|C8ZEW1|C8ZEW1_YEAS8"
"tr|C8ZEW9|C8ZEW9_YEAS8"
"tr|C8ZEX4|C8ZEX4_YEAS8"
"tr|C8ZF02|C8ZF02_YEAS8"
"tr|C8ZF50|C8ZF50_YEAS8"
"tr|C8ZF67|C8ZF67_YEAS8"
"tr|C8ZF70|C8ZF70_YEAS8"
"tr|C8ZF73|C8ZF73_YEAS8"
"tr|C8ZF79|C8ZF79_YEAS8"
"tr|C8ZF81|C8ZF81_YEAS8"
"tr|C8ZF90|C8ZF90_YEAS8"
"tr|C8ZF93|C8ZF93_YEAS8"
"tr|C8ZFA7|C8ZFA7_YEAS8"
"tr|C8ZFC6|C8ZFC6_YEAS8"
"tr|C8ZFF7|C8ZFF7_YEAS8"
"tr|C8ZFH7|C8ZFH7_YEAS8"
"tr|C8ZFH9|C8ZFH9_YEAS8"
"tr|C8ZFI5|C8ZFI5_YEAS8"
"tr|C8ZFJ1|C8ZFJ1_YEAS8"
"tr|C8ZFL1|C8ZFL1_YEAS8"
"tr|C8ZFL6|C8ZFL6_YEAS8"
"tr|C8ZFL9|C8ZFL9_YEAS8"
"tr|C8ZFM4|C8ZFM4_YEAS8"
"tr|C8ZFM6|C8ZFM6_YEAS8"
"tr|C8ZFP3|C8ZFP3_YEAS8"
"tr|C8ZFR4|C8ZFR4_YEAS8"
"tr|C8ZFS2|C8ZFS2_YEAS8"
"tr|C8ZFS9|C8ZFS9_YEAS8"
"tr|C8ZFV1|C8ZFV1_YEAS8"
"tr|C8ZFW0|C8ZFW0_YEAS8"
"tr|C8ZFW1|C8ZFW1_YEAS8"
"tr|C8ZFY2|C8ZFY2_YEAS8"
"tr|C8ZFZ2|C8ZFZ2_YEAS8"
"tr|C8ZFZ5|C8ZFZ5_YEAS8"
"tr|C8ZG23|C8ZG23_YEAS8"
"tr|C8ZG24|C8ZG24_YEAS8"
"tr|C8ZG26|C8ZG26_YEAS8"
"tr|C8ZG50|C8ZG50_YEAS8"
"tr|C8ZG69|C8ZG69_YEAS8"
"tr|C8ZG92|C8ZG92_YEAS8"
"tr|C8ZG95|C8ZG95_YEAS8"
"tr|C8ZG96|C8ZG96_YEAS8"
"tr|C8ZG99|C8ZG99_YEAS8"
"tr|C8ZGB0|C8ZGB0_YEAS8"
"tr|C8ZGB3|C8ZGB3_YEAS8"
"tr|C8ZGB8|C8ZGB8_YEAS8"
"tr|C8ZGC4|C8ZGC4_YEAS8"
"tr|C8ZGC6|C8ZGC6_YEAS8"
"tr|C8ZGD1|C8ZGD1_YEAS8"
"tr|C8ZGD5|C8ZGD5_YEAS8"
"tr|C8ZGE5|C8ZGE5_YEAS8"
"tr|C8ZGF1|C8ZGF1_YEAS8"
"tr|C8ZGF9|C8ZGF9_YEAS8"
"tr|C8ZGG1|C8ZGG1_YEAS8"
"tr|C8ZGG3|C8ZGG3_YEAS8"
"tr|C8ZGG5|C8ZGG5_YEAS8"
"tr|C8ZGG8|C8ZGG8_YEAS8"
"tr|C8ZGH3|C8ZGH3_YEAS8"
"tr|C8ZGI3|C8ZGI3_YEAS8"
"tr|C8ZGI4|C8ZGI4_YEAS8"
"tr|C8ZGM2|C8ZGM2_YEAS8"
"tr|C8ZGP0|C8ZGP0_YEAS8"
"tr|C8ZGP8|C8ZGP8_YEAS8"
"tr|C8ZGS9|C8ZGS9_YEAS8"
"tr|C8ZGU2|C8ZGU2_YEAS8"
"tr|C8ZGU3|C8ZGU3_YEAS8"
"tr|C8ZGU7|C8ZGU7_YEAS8"
"tr|C8ZGV6|C8ZGV6_YEAS8"
"tr|C8ZGV7|C8ZGV7_YEAS8"
"tr|C8ZGW0|C8ZGW0_YEAS8"
"tr|C8ZGW5|C8ZGW5_YEAS8"
"tr|C8ZGY3|C8ZGY3_YEAS8"
"tr|C8ZGY8|C8ZGY8_YEAS8"
"tr|C8ZH12|C8ZH12_YEAS8"
"tr|C8ZH16|C8ZH16_YEAS8"
"tr|C8ZH20|C8ZH20_YEAS8"
"tr|C8ZH35|C8ZH35_YEAS8"
"tr|C8ZH43|C8ZH43_YEAS8"
"tr|C8ZH49|C8ZH49_YEAS8"
"tr|C8ZH60|C8ZH60_YEAS8"
"tr|C8ZH68|C8ZH68_YEAS8"
"tr|C8ZH74|C8ZH74_YEAS8"
"tr|C8ZH84|C8ZH84_YEAS8"
"tr|C8ZH87|C8ZH87_YEAS8"
"tr|C8ZH98|C8ZH98_YEAS8"
"tr|C8ZHA9|C8ZHA9_YEAS8"
"tr|C8ZHB0|C8ZHB0_YEAS8"
"tr|C8ZHB7|C8ZHB7_YEAS8"
"tr|C8ZHC2|C8ZHC2_YEAS8"
"tr|C8ZHC3|C8ZHC3_YEAS8"
"tr|C8ZHH4|C8ZHH4_YEAS8"
"tr|C8ZHH8|C8ZHH8_YEAS8"
"tr|C8ZHI9|C8ZHI9_YEAS8"
"tr|C8ZHJ5|C8ZHJ5_YEAS8"
"tr|C8ZHK6|C8ZHK6_YEAS8"
"tr|C8ZHL8|C8ZHL8_YEAS8"
"tr|C8ZHN0|C8ZHN0_YEAS8"
"tr|C8ZHQ4|C8ZHQ4_YEAS8"
"tr|C8ZHQ5|C8ZHQ5_YEAS8"
"tr|C8ZHQ7|C8ZHQ7_YEAS8"
"tr|C8ZHS4|C8ZHS4_YEAS8"
"tr|C8ZHS5|C8ZHS5_YEAS8"
"tr|C8ZHS7|C8ZHS7_YEAS8"
"tr|C8ZHT4|C8ZHT4_YEAS8"
"tr|C8ZHV4|C8ZHV4_YEAS8"
"tr|C8ZHX0|C8ZHX0_YEAS8"
"tr|C8ZHY2|C8ZHY2_YEAS8"
"tr|C8ZI08|C8ZI08_YEAS8"
"tr|C8ZI24|C8ZI24_YEAS8"
"tr|C8ZI26|C8ZI26_YEAS8"
"tr|C8ZI57|C8ZI57_YEAS8"
"tr|C8ZI79|C8ZI79_YEAS8"
"tr|C8ZI84|C8ZI84_YEAS8"
"tr|C8ZI98|C8ZI98_YEAS8"
"tr|C8ZIA4|C8ZIA4_YEAS8"
"tr|C8ZIA8|C8ZIA8_YEAS8"
"tr|C8ZIB7|C8ZIB7_YEAS8"
"tr|C8ZIB9|C8ZIB9_YEAS8"
"tr|C8ZIC9|C8ZIC9_YEAS8"
"tr|C8ZID9|C8ZID9_YEAS8"
"tr|C8ZIE2|C8ZIE2_YEAS8"
"tr|C8ZIE4|C8ZIE4_YEAS8"
"tr|C8ZIE8|C8ZIE8_YEAS8"
"tr|C8ZIF3|C8ZIF3_YEAS8"
"tr|C8ZIF4|C8ZIF4_YEAS8"
"tr|C8ZIG2|C8ZIG2_YEAS8"
"tr|C8ZIH7|C8ZIH7_YEAS8"
"tr|C8ZII1|C8ZII1_YEAS8"
"tr|C8ZIL8|C8ZIL8_YEAS8"
"tr|C8ZIM4|C8ZIM4_YEAS8"
"tr|C8ZIN4|C8ZIN4_YEAS8"
"tr|C8ZIN6|C8ZIN6_YEAS8"
"tr|C8ZIP9|C8ZIP9_YEAS8"
"tr|C8ZIR3|C8ZIR3_YEAS8"
"tr|C8ZIR9|C8ZIR9_YEAS8"
"tr|C8ZIS4|C8ZIS4_YEAS8"
"tr|C8ZIT9|C8ZIT9_YEAS8"
"tr|C8ZIU0|C8ZIU0_YEAS8"
"tr|C8ZIV1|C8ZIV1_YEAS8"
"tr|C8ZIV2|C8ZIV2_YEAS8"
"tr|C8ZIW9|C8ZIW9_YEAS8"
"tr|C8ZIY1|C8ZIY1_YEAS8"
"tr|C8ZIZ2|C8ZIZ2_YEAS8"
"tr|C8ZJ01|C8ZJ01_YEAS8"
"tr|C8ZJ22|C8ZJ22_YEAS8"
"tr|C8ZJ29|C8ZJ29_YEAS8"
"tr|C8ZJ35|C8ZJ35_YEAS8"
"tr|C8ZJ36|C8ZJ36_YEAS8"
"tr|C8ZJ45|C8ZJ45_YEAS8"
"tr|C8ZJ52|C8ZJ52_YEAS8"
"tr|C8ZJ57|C8ZJ57_YEAS8"
"tr|C8ZJ60|C8ZJ60_YEAS8"
"tr|C8ZJ66|C8ZJ66_YEAS8"
"tr|C8ZJ94|C8ZJ94_YEAS8"
"tr|C8ZJA5|C8ZJA5_YEAS8"
"tr|C8ZJF4|C8ZJF4_YEAS8"
"tr|C8ZJG8|C8ZJG8_YEAS8"
"tr|C8ZJH3|C8ZJH3_YEAS8"
"tr|C8ZJI9|C8ZJI9_YEAS8"
"tr|C8ZJJ1|C8ZJJ1_YEAS8"
"tr|C8ZJL0|C8ZJL0_YEAS8"
"tr|C8ZJL2|C8ZJL2_YEAS8"
"tr|C8ZJM0|C8ZJM0_YEAS8"
"tr|D3UEC7|D3UEC7_YEAS8"
"tr|D3UED1|D3UED1_YEAS8"
"tr|D3UED5|D3UED5_YEAS8"
"tr|D3UEF1|D3UEF1_YEAS8"
"tr|D3UEG8|D3UEG8_YEAS8"
"tr|D3UEH2|D3UEH2_YEAS8"
"tr|D3UEH5|D3UEH5_YEAS8"
"tr|D3UEH7|D3UEH7_YEAS8"
"tr|D3UEH9|D3UEH9_YEAS8"
"tr|D3UEI3|D3UEI3_YEAS8"
"tr|D3UEJ9|D3UEJ9_YEAS8"
"tr|D3UEK2|D3UEK2_YEAS8"
"tr|D3UEK4|D3UEK4_YEAS8"
"tr|D3UEK9|D3UEK9_YEAS8"
"tr|D3UEL3|D3UEL3_YEAS8"
"tr|D3UEL8|D3UEL8_YEAS8"
"tr|D3UEM1|D3UEM1_YEAS8"
"tr|D3UEN8|D3UEN8_YEAS8"
"tr|D3UEP0|D3UEP0_YEAS8"
"tr|D3UEP3|D3UEP3_YEAS8"
"tr|D3UEP8|D3UEP8_YEAS8"
"tr|D3UER4|D3UER4_YEAS8"
"tr|D3UET2|D3UET2_YEAS8"
"tr|D3UET4|D3UET4_YEAS8"
"tr|D3UEU0|D3UEU0_YEAS8"
"tr|D3UEW0|D3UEW0_YEAS8"
"tr|D3UEW4|D3UEW4_YEAS8"
"tr|D3UEW6|D3UEW6_YEAS8"
"tr|D3UEZ6|D3UEZ6_YEAS8"
"tr|D3UF11|D3UF11_YEAS8"
"tr|D3UF30|D3UF30_YEAS8"
"tr|D3UF49|D3UF49_YEAS8"
"tr|D3UF51|D3UF51_YEAS8"
"tr|D3UF63|D3UF63_YEAS8"
"tr|D3UF68|D3UF68_YEAS8"
"tr|D3UF74|D3UF74_YEAS8"
"tr|D3UF79|D3UF79_YEAS8"
"tr|D3UF94|D3UF94_YEAS8"
